Date Filed,City,State,Address,Status,Case Name,Labor Union,Tally Date,Ballot Type,Votes For Union,Votes Against,Num Eligible Voters,Case
"Mar 29, 2023",St. Louis,MO,,Open,Starbucks Corporation,"Chicago and Midwest Regional Joint Board, Workers United / SEIU",,Initial,,,22,14-RC-315026
"Mar 27, 2023",Iowa City,IA,,Open,Starbucks Corporation,"Chicago and Midwest Regional Joint Board, Workers United/SEIU",,Initial,,,31,18-RC-314910
"Mar 24, 2023",Walla Walla,WA,,Open,Starbucks Corporation,Workers United a/w SEIU,,Initial,,,24,19-RC-314779
"Mar 22, 2023",Riverview,MI,,Open,Starbucks Corporation,"Chicago and Midwest Regional Joint Board, Workers United / SEIU",,Initial,,,18,07-RC-314627
"Mar 22, 2023",Lincoln City,OR,,Open,Starbucks Corporation,Workers United,,Initial,,,18,19-RC-314637
"Mar 22, 2023",Westminster,CO,,Open,Starbucks Corporation,"Workers United Chicago & Midwest Regional Joint Board, Workers United/SEIIU",,Initial,,,21,27-RC-314597
"Mar 22, 2023",Elizabethtown,KY,,Open,STARBUCKS CORPORATION,"Chicago & Midwest Regional Joint Board, an Affiliate of Workers United SEIU",,Initial,,,28,09-RC-314592
"Mar 22, 2023",Louisville,KY,,Open,STARBUCKS CORPORATION,"Chicago & Midwest Regional Joint Board, an Affiliate of Workers United SEIU",,Initial,,,30,09-RC-314556
"Mar 22, 2023",Ontario,OH,,Open,Starbucks Corporation,"Chicago and Midwest Regional Joint Board, Workers United/SEIU",,Initial,,,36,08-RC-314610
"Mar 20, 2023",Oakland,CA,,Open,Starbucks Corporation,"Philadelphia Joint Board, Workers Union, affiliated with SEIU",,Initial,,,15,32-RC-314472
"Mar 14, 2023",Portland,OR,,Open,Starbucks Corporation,Barnard Iglitzin & Lavitt LLP,,Initial,,,20,19-RC-314002
"Mar 14, 2023",Sunnyvale,CA,,Open,Starbucks Corporation,Workers United,,Initial,,,24,32-RC-313978
"Mar 13, 2023",Oak Park,IL,,Open,Starbucks Corporation,"Chicago and Midwest Regional Joint Board, Workers United/SEIU",,Initial,,,13,13-RC-313923
"Mar 08, 2023",Cameron,NC,,Open,Starbucks Corporation,"Workers United, Southern Regional Joint Board",,Initial,,,31,10-RC-313666
"Mar 06, 2023",Ashland,OR,,Open,Starbucks Corporation,Workers United,,Initial,,,24,19-RC-313564
"Mar 04, 2023",Pleasanton,CA,,Open,Starbucks Corporation,Workers United a/w SEIU,,Initial,,,14,32-RC-313452
"Feb 28, 2023",Maumee,OH,,Open,Starbucks Corporation,"Chicago and Midwest Regional Joint Board, Workers United/SEIU",,Initial,,,30,08-RC-313145
"Feb 27, 2023",Newton,MA,,Open,Starbucks Corporation,"Workers United, a/w SEIU",,Initial,,,15,01-RC-313008
"Feb 24, 2023",Somerville,MA,,Open,Starbucks Corporation,Workers United,,Initial,,,13,01-RC-312846
"Feb 23, 2023",Sutton,WV,,Open,Starbucks Corporation,Workers United,,Initial,,,17,06-RC-312789
"Feb 21, 2023",Gilbert,AZ,,Open,Starbucks Corporation,Workers United a/w Service Employees International Union,,Initial,,,20,28-RC-313148
"Feb 21, 2023",Branford,CT,,Open,Starbucks Corporation,Workers United a/w SEIU,,Initial,,,22,01-RC-312535
"Feb 17, 2023",Knoxville,TN,"1938 Pinnacle Point Way, Knoxville TN",Open,Starbucks Corporation,"Workers United, Southern Regional Joint Board","Mar 28, 2023",Initial,14.0,6.0,22,10-RC-312421
"Feb 17, 2023",Sacramento,CA,,Open,Starbucks Corporation,Workers United,,Initial,,,14,20-RC-312433
"Feb 17, 2023",Sacramento,CA,,Open,Starbucks Corporation,Workers United,,Initial,,,16,20-RC-312434
"Feb 17, 2023",Allen Park,MI,,Open,Starbucks Corporation,"Chicago and Midwest Regional Joint Board, Workers United/SEIU",,Initial,,,20,07-RC-312507
"Feb 14, 2023",Chicago,IL,,Open,Starbucks Corporation,"Chicago & Midwest Regional Joint Board, Workers United/SEIU",,Initial,,,17,13-RC-312119
"Feb 08, 2023",Salisbury,MD,"1111 South Salisbury Boulevard, Salisbury, Maryland",Voted Failed,Starbucks Corporation,"Mid-Atlantic Regional Joint Board, Workers United a/w Service Employees International Union","Mar 08, 2023",Initial,4.0,17.0,25,05-RC-311740
"Feb 01, 2023",Philadelphia,PA,"901 Market Street, Philadelphia, Pennsylvania",Unionized,Starbucks Corporation,Workers United a/w Service Employees International Union,"Mar 13, 2023",Initial,10.0,2.0,14,04-RC-311411
"Jan 31, 2023",Hillsboro,OR,"2002 NW Stucki Ave., Hillsboro, Oregon",Unionized,Starbucks Corporation,Workers United,"Mar 17, 2023",Initial,15.0,0.0,20,19-RC-311308
"Jan 27, 2023",Columbus,OH,,Open,STARBUCKS CORPORATION,"Chicago & Midwest Regional Joint Board, an Affiliate of Workers United SEIU",,Initial,,,25,09-RC-311046
"Jan 25, 2023",Litchfield Park,AZ,"13840 W. Camelback Rd., Litchfield Park, AZ",Unionized,Starbucks Corporation,Workers United a/w SEIU,"Mar 07, 2023",Initial,15.0,13.0,30,28-RC-311077
"Jan 25, 2023",Las Vegas,NV,"7220 West Azure Drive, Tenaya Village Center, Las Vegas, NV",Unionized,Starbucks Corporation,Workers United a/w Service Employees International Union,"Feb 28, 2023",Initial,18.0,3.0,23,28-RC-311111
"Jan 19, 2023",Lynbrook,NY,"839 Sunrise Highway, Lynbrook, New York",Unionized,Starbucks Corporation,"Workers United, affiliated with Service Employees International Union","Feb 17, 2023",Initial,14.0,8.0,28,29-RC-310538
"Jan 17, 2023",Portland,OR,"720 SW Broadway, Portland, OR",Unionized,Starbucks Corporation,Workers United,"Mar 03, 2023",Initial,15.0,3.0,22,19-RC-310429
"Jan 17, 2023",Valparaiso,IN,"2310 Laporte Avenue, Valparaiso, IN",Unionized,Starbucks Corporation,Chicago & Midwest Regional Joint Board of Workers United/SEIU,"Feb 17, 2023",Initial,16.0,5.0,22,25-RC-310353
"Dec 16, 2022",Riverside,CA,"3707 Arlington Avenue, Riverside, California",Voted Failed,Starbucks Corporation,Workers United,"Jan 24, 2023",Initial,9.0,15.0,26,21-RC-309082
"Dec 15, 2022",Penfield,NY,,Open,Starbucks Corporation,Workers United,"Feb 03, 2023",Initial,4.0,9.0,20,03-RC-308945
"Dec 12, 2022",Liverpool,NY,3820 NY,Unionized,Starbucks Corporation,"Rochester Regional Joint Board, Workers United","Jan 27, 2023",Initial,10.0,8.0,19,03-RC-308620
"Dec 09, 2022",Shoreline,WA,"18336 Midvale Ave. N., Shoreline, Washington",Unionized,Starbucks Corporation,"Workers United Labor Union International, affiliated with Service Employees International Union","Jan 26, 2023",Initial,18.0,1.0,19,19-RC-308646
"Dec 09, 2022",Flower Mound,TX,"5871 Long Prairie Road, Flower Mound, Texas",Unionized,STARBUCKS CORPORATION,WORKERS UNITED,"Jan 15, 2023",Initial,14.0,2.0,18,16-RC-308598
"Dec 09, 2022",Bethel Park,PA,"301 South Hills Village, Bethel Park, PA",Open,Starbucks Corporation,Spear Wilderman P.C.,"Jan 12, 2023",Initial,6.0,0.0,9,06-RC-308635
"Dec 09, 2022",Sherman Oaks,CA,,Withdrawn,Starbucks Corporation,,,Initial,,,19,31-RC-308585
"Dec 08, 2022",Skokie,IL,"4999 Old Orchard Shopping Center, Skokie, IL",Unionized,Starbucks Corporation,"Chicago and Midwest Regional Joint Board, Workers United/SEIU","Jan 19, 2023",Initial,10.0,6.0,16,13-RC-308567
"Dec 05, 2022",Evanston,IL,,Unionized,Starbucks Corporation,"Chicago and Midwest Regional Joint Board, Workers United/SEIU","Jan 26, 2023",Initial,12.0,0.0,13,13-RC-308203
"Dec 05, 2022",Fayetteville,AR,"2117 M.L.K., Blvd., Fayetteville, Arkansas",Unionized,Starbucks Corporation,Workers United,"Jan 12, 2023",Initial,18.0,1.0,25,15-RC-308256
"Dec 02, 2022",Portland,OR,"10215 SE Stark St., Portland, OR",Unionized,Starbucks Corporation,Workers United,"Jan 31, 2023",Initial,13.0,3.0,36,19-RC-308209
"Nov 29, 2022",Kingwood,TX,"30130 Rock Creek Dr, Kingwood, TX",Unionized,STARBUCKS CORPORATION,Workers United,"Jan 10, 2023",Initial,17.0,8.0,27,16-RC-307934
"Nov 29, 2022",Ashburn,VA,"44185 Ashbrook Marketplace Plaza, Ashburn, Virginia",Unionized,Starbucks Corporation,"Mid-Atlantic Regional Joint Board, Workers United a/w Service Employees International Union","Jan 09, 2023",Initial,11.0,5.0,17,05-RC-307885
"Nov 28, 2022",Houston,TX,"6400 Fannin St, Houston, TX",Unionized,STARBUCKS CORPORATION,Workers United a/w SEIU,"Feb 16, 2023",Initial,8.0,2.0,23,16-RC-307849
"Nov 23, 2022",Kingwood,TX,,Withdrawn,Starbucks,,,Initial,,,26,16-RC-307810
"Nov 21, 2022",Louisville,KY,"972 Baxter Avenue, Louisville, Kentucky",Unionized,STARBUCKS CORPORATION,"Chicago & Midwest Regional Joint Board, an Affiliate of Workers United SEIU","Jan 11, 2023",Initial,14.0,4.0,21,09-RC-307565
"Nov 17, 2022",Boulder,CO,,Unionized,Starbucks Corporation,"Chicago and Midwest Regional Joint Board, Workers United/SEIU","Jan 24, 2023",Initial,13.0,2.0,23,27-RC-307323
"Nov 17, 2022",Waltham,MA,"12 Market Place Drive, Waltham, MA",Voted Failed,Starbucks Corporation,Workers United,"Jan 20, 2023",Initial,8.0,15.0,32,01-RC-307310
"Nov 15, 2022",Las Vegas,NV,"1772 S. Rainbow Blvd, Rainbow Express Village, Las Vegas, Nevada",Unionized,Starbucks Corporation,Workers United,"Dec 20, 2022",Initial,11.0,7.0,21,28-RC-307132
"Nov 15, 2022",Queens,NY,,Withdrawn,Starbucks Corporation,,,Initial,,,16,29-RC-307053
"Nov 14, 2022",Alpharetta,GA,"12330 Crabapple Road, Alpharetta, GA",Unionized,Starbucks Corporation,"Workers United, Southern Regional Joint Board","Jan 05, 2023",Initial,11.0,10.0,26,10-RC-307050
"Nov 08, 2022",Brookline (CDP),MA,,Withdrawn,Starbucks Corporation,,,Initial,,,2,01-RC-306840
"Nov 07, 2022",Columbus,OH,"1784 N. High Street, Columbus, Ohio",Unionized,STARBUCKS CORPORATION,"Chicago & Midwest Regional Joint Board, an Affiliate of Workers United SEIU","Dec 19, 2022",Initial,13.0,5.0,42,09-RC-306658
"Nov 01, 2022",Hillsboro,OR,7399 NE,Voted Failed,Starbucks Corporation,Workers United,"Dec 15, 2022",Initial,9.0,10.0,28,19-RC-306378
"Oct 31, 2022",Whitehall,PA,"2630 MacArthur Road, Whitehall, Pennsylvania",Unionized,Starbucks Corporation,Workers United,"Dec 02, 2022",Initial,16.0,10.0,30,04-RC-306257
"Oct 28, 2022",Accord,NY,,Open,Starbucks Corporation,Workers United NY/NJ Joint Board,"Dec 15, 2022",Initial,13.0,14.0,32,02-RC-306188
"Oct 28, 2022",Chicago,IL,"233 South Wacker Drive, Chicago, Illinois",Voted Failed,Starbucks Corporation,"Chicago and Midwest Regional Joint Board, Workers United/SEIU","Dec 08, 2022",Initial,8.0,9.0,19,13-RC-306109
"Oct 24, 2022",Glenview,IL,"2760 Willow Road, Glenview, Illinois",Unionized,Starbucks Corporation,"Chicago and Midwest Regional Joint Board, Workers United/SEIU","Dec 06, 2022",Initial,18.0,0.0,24,13-RC-305812
"Oct 17, 2022",Bellingham,WA,"222 36th St., Bellingham, WA",Unionized,Starbucks Corporation,Workers United,"Dec 01, 2022",Initial,15.0,6.0,27,19-RC-305402
"Oct 14, 2022",Puyallup,WA,"5602 176th St. E., Puyallup, Washington",Open,Starbucks Corporation,Workers United,"Nov 29, 2022",Initial,9.0,13.0,27,19-RC-305313
"Oct 11, 2022",Green Bay,WI,"2230 Main Street, Green Bay, Wisconsin",Unionized,Starbucks Corporation,"Chicago and Midwest Regional Joint Board, Workers United affiliated with Service Employees International Union","Nov 29, 2022",Initial,12.0,8.0,22,18-RC-304934
"Oct 11, 2022",Apache Junction,AZ,"2580 W Apache Trail, Apache Junction, Arizona",Voted Failed,Starbucks Corporation,"Workers United, Service Employees International Union","Nov 21, 2022",Initial,10.0,15.0,27,28-RC-305219
"Oct 11, 2022",Royal Oak,MI,,Withdrawn,Starbucks Corporation,,,Initial,,,26,07-RC-305020
"Oct 06, 2022",Seaside,CA,"1742 Fremont Blvd. Seaside, CA",Open,Starbucks Corporation,Workers United,"Nov 18, 2022",Initial,8.0,11.0,23,32-RC-304809
"Oct 06, 2022",Fayetteville,AR,"3500 Black Forest Drive, #1, Fayetteville, Arkansas",Unionized,Starbucks Corporation,Workers United,"Nov 14, 2022",Initial,11.0,9.0,23,15-RC-304743
"Sep 30, 2022",Philadelphia,PA,"490 N. Broad Street, Philadelphia, Pennsylvania",Unionized,Starbucks Corporation,"Philadelphia Joint Board, Workers United","Nov 04, 2022",Initial,11.0,8.0,22,04-RC-304399
"Sep 29, 2022",Arlington,VA,"16, 2022. Excluded: Store Managers, office clericals, guards and supervisors as defined by the Act. OTHERS PERMI",Unionized,Starbucks Corporation,"Mid-Atlantic Regional Joint Board, Workers United","Nov 08, 2022",Initial,8.0,2.0,12,05-RC-304319
"Sep 22, 2022",Elmhurst,IL,"624 N York Street, Elmhurst, Illinois",Unionized,Starbucks Corporation,"Chicago & Midwest Regional Joint Board, Workers United/SEIU","Dec 05, 2022",Initial,18.0,5.0,26,13-RC-303877
"Sep 22, 2022",Shavano Park,TX,"16852 NW Military Hwy, San Antonio, TX",Unionized,STARBUCKS CORPORATION,WORKERS UNITED,"Nov 04, 2022",Initial,15.0,8.0,25,16-RC-303916
"Sep 19, 2022",Seattle,WA,"1144 Elliott A venue W., in Seattle, Washington",Unionized,Starbucks Corporation,Workers United,"Nov 18, 2022",Initial,16.0,7.0,27,19-RC-303680
"Sep 16, 2022",Chicago,IL,"1601 W Irving Park Rd., Chicago, Illinois",Unionized,Starbucks Corporation,"Chicago & Midwest Regional Joint Board, Workers United/SEIU","Oct 25, 2022",Initial,11.0,1.0,15,13-RC-303517
"Sep 15, 2022",Easton,PA,"3712 Nazareth Rd., Easton, Pennsylvania",Unionized,Starbucks Corporation,Workers United,"Oct 20, 2022",Initial,16.0,1.0,20,04-RC-303427
"Sep 12, 2022",Albany,NY,"62 New Scotland Avenue, Albany, New York",Unionized,Starbucks Corporation,"Rochester Regional Joint Board, Workers United","Oct 28, 2022",Initial,15.0,3.0,25,03-RC-303114
"Sep 12, 2022",Santa Clara,CA,71 Washington,Unionized,Starbucks Corporation,WORKERS UNITED,"Oct 21, 2022",Initial,10.0,5.0,15,32-RC-303284
"Sep 09, 2022",Abington,PA,"789 Huntingdon Pike, Abington, Pennsylvania",Voted Failed,Starbucks Corporation,WORKERS UNITED,"Oct 19, 2022",Initial,7.0,11.0,22,04-RC-303151
"Sep 02, 2022",Breckenridge,CO,,Voted Failed,Starbucks Corporation,"Chicago & Midwest Regional Joint Board, Workers United/SEIU","Oct 18, 2022",Initial,5.0,7.0,14,27-RC-302626
"Sep 01, 2022",Victor,NY,"7979 Pittsford Victor Road, in Victor, New York",Unionized,Starbucks Corporation,"Rochester Regional Joint Board, Workers United","Oct 18, 2022",Initial,8.0,0.0,13,03-RC-302475
"Aug 29, 2022",Boston,MA,"75-101 Federal Street, Boston, MA",Unionized,Starbucks Corporation,WORKERS UNITED,"Oct 21, 2022",Initial,5.0,0.0,8,01-RC-302289
"Aug 23, 2022",Portland,ME,"176 Middle Street, Portland, Maine",Unionized,Starbucks Corporation,WORKERS UNITED,"Oct 17, 2022",Initial,10.0,3.0,16,01-RC-301879
"Aug 22, 2022",Washington,DC,"1429 P Street NW, Washington",Unionized,Starbucks Corporation,"Mid-Atlantic Regional Joint Board, Workers United a/w Service Employees International Union","Sep 30, 2022",Initial,10.0,6.0,16,05-RC-301836
"Aug 17, 2022",Hayward,CA,,Withdrawn,Starbucks Corporation,,,Initial,,,20,32-RC-301559
"Aug 15, 2022",Santa Fe,NM,,Withdrawn,Starbucks Corporation,,,Initial,,,22,28-RC-301449
"Aug 11, 2022",Philadelphia,PA,"2201 South Street, Philadelphia, Pennsylvania",Unionized,Starbucks Corporation,Workers United,"Oct 25, 2022",Initial,6.0,4.0,16,04-RC-301198
"Aug 09, 2022",Denison,TX,"3121 Regency Lane, Denison, TX",Unionized,STARBUCKS CORPORATION,WORKERS UNITED,"Oct 19, 2022",Initial,8.0,6.0,19,16-RC-301056
"Aug 05, 2022",Greeley,CO,,Unionized,Starbucks Corporation,"Chicago & Midwest Regional Joint Board, Workers United/SEIU","Sep 27, 2022",Initial,20.0,1.0,27,27-RC-300862
"Jul 29, 2022",Bloomfield,MI,"6420 Telegraph Road, Bloomfield Township, Michigan",Unionized,Starbucks Corporation,Workers United,"Oct 07, 2022",Initial,7.0,2.0,12,07-RC-300425
"Jul 22, 2022",Santa Maria,CA,"2430 S. Broadway, Santa Maria, CA",Unionized,Starbucks Corporation,WORKERS UNITED,"Oct 11, 2022",Initial,14.0,4.0,31,31-RC-300025
"Jul 21, 2022",Mount Pleasant,MI,"5655 Pickard Road, Mount Pleasant, Michigan",Unionized,Starbucks Corporation,Chicago & Midwest Regional Joint Board of Workers United/SEIU,"Sep 12, 2022",Initial,10.0,1.0,23,07-RC-299855
"Jul 18, 2022",Westlake,OH,"269 Main Street, Westlake, Ohio",Unionized,Starbucks Corporation,Chicago and Midwest Regional Joint Board Workers United/Service Employees International Union,"Sep 29, 2022",Initial,7.0,2.0,16,08-RC-299575
"Jul 18, 2022",Houston,TX,"2801 S. Shepard Dr. Houston, Texas",Unionized,STARBUCKS CORPORATION,WORKERS UNITED,"Sep 22, 2022",Initial,11.0,3.0,19,16-RC-299559
"Jul 15, 2022",San Antonio,TX,"2202 Fredericksburg Road, San Antonio, Texas",Unionized,STARBUCKS CORPORATION,WORKERS UNITED,"Sep 26, 2022",Revised,6.0,3.0,29,16-RC-299517
"Jul 13, 2022",Burbank,CA,"1711 N. Victory Place, Burbank, CA",Voted Failed,Starbucks Corporation,Workers United,"Sep 20, 2022",Initial,5.0,6.0,17,31-RC-299294
"Jul 11, 2022",Albuquerque,NM,"1000 Rio Grande Boulevard NW, Albuquerque, New Mexico",Unionized,Starbucks Corporation,Workers United a/w SEIU,"Sep 29, 2022",Initial,10.0,7.0,39,28-RC-299178
"Jul 11, 2022",Easton,PA,"4727 Freemansburg Ave., Easton Pennsylvania",Voted Failed,Starbucks Corporation,WORKERS UNITED,"Sep 23, 2022",Initial,10.0,15.0,31,04-RC-299148
"Jul 11, 2022",Albany,NY,"1 Crossgates Mall Road, B231, in Albany, New York",Unionized,Starbucks Corporation,"Rochester Regional Joint Board, Workers United","Sep 19, 2022",Initial,4.0,1.0,14,03-RC-299064
"Jul 08, 2022",Lafayette,LA,"4300 Ambassador Caffrey Parkway, Lafayette, Louisiana",Voted Failed,"Starbucks Corporation, LLC",WORKERS UNITED,"Jan 17, 2023",Initial,10.0,10.0,25,15-RC-298956
"Jul 07, 2022",McMurray,PA,4080 Washington,Unionized,Starbucks Corporation,WORKERS UNITED,"Aug 18, 2022",Initial,7.0,4.0,18,06-RC-298916
"Jul 06, 2022",Springfield,OR,"1810 Pioneer Pkwy W., Springfield, OR",Unionized,Starbucks Corporation,Workers United,"Sep 20, 2022",Initial,5.0,3.0,18,19-RC-298772
"Jul 05, 2022",Clifton Park,NY,"309 Clifton Park Center Road, Clifton Park, New York",Unionized,Starbucks Corporation,"Rochester Regional Joint Board, Workers United","Aug 19, 2022",Initial,24.0,1.0,45,03-RC-298672
"Jun 30, 2022",Independence,MO,,Withdrawn,Starbucks Corporation,,,Initial,,,19,14-RC-298575
"Jun 27, 2022",Staten Island,NY,"480 Forest Avenue, Staten Island, New York",Unionized,Starbucks Corporation,Workers United,"Sep 07, 2022",Initial,15.0,0.0,23,29-RC-298233
"Jun 27, 2022",Wantagh,NY,"1143 Wantagh Avenue, Wantagh, New York",Unionized,Starbucks Corporation,"Workers United, an SEIU affiliate","Sep 07, 2022",Initial,20.0,7.0,43,29-RC-298246
"Jun 27, 2022",Reading,MA,"288 Main Street, Reading, MA",Voted Failed,Starbucks Corporation,Workers United,"Aug 31, 2022",Revised,7.0,9.0,22,01-RC-298347
"Jun 22, 2022",New Braunfels,TX,"697 Walnut Avenue, New Braunfels, Texas",Unionized,STARBUCKS CORPORATION,WORKERS UNITED,"Sep 12, 2022",Initial,10.0,4.0,19,16-RC-298055
"Jun 22, 2022",East Greenbush,NY,"600 Columbia Turnpike, East Greenbush, New York",Unionized,Starbucks Corporation,"Rochester Regional Joint Board, Workers United","Aug 25, 2022",Initial,8.0,4.0,27,03-RC-297980
"Jun 22, 2022",Niskayuna,NY,"2303 Nott Street East in Niskayuna, New York",Unionized,Starbucks Corporation,"Rochester Regional Joint Board, Workers United","Aug 05, 2022",Initial,15.0,1.0,21,03-RC-297987
"Jun 21, 2022",Louisville,KY,"3401 Bardstown Road, Louisville, Kentucky",Unionized,STARBUCKS CORPORATION,"Chicago & Midwest Regional Joint Board, an Affiliate of Workers United SEIU","Sep 26, 2022",Revised,10.0,7.0,32,09-RC-297936
"Jun 21, 2022",Roseville,MN,"2305 Fairview Avenue North, Roseville, Minnesota",Unionized,Starbucks Corporation,"Chicago & Midwest Regional Joint Board, Workers United, affiliated with SEIU","Sep 08, 2022",Revised,7.0,5.0,28,18-RC-297917
"Jun 21, 2022",St. Charles,MO,"1030 South 5th Street, Saint Charles, MO",Voted Failed,Starbucks Corporation,"Chicago and Midwest Regional Joint Board, Workers United/SEIU","Aug 31, 2022",Initial,4.0,11.0,34,14-RC-297892
"Jun 21, 2022",Springfield,MO,"631 Glenstone Avenue, Springfield, MO",Unionized,Starbucks Corporation,"Chicago and Midwest Regional Joint Board, Workers United/SEIU","Aug 25, 2022",Initial,11.0,5.0,28,14-RC-297893
"Jun 21, 2022",Allison Park,PA,"4655 William Flynn Highway, Pittsburgh, Pennsylvania",Unionized,Starbucks Corporation,Workers United,"Aug 25, 2022",Initial,15.0,0.0,29,06-RC-297910
"Jun 21, 2022",Rochester,MN,,Withdrawn,Starbucks Corporation,,,Initial,,,33,18-RC-297942
"Jun 16, 2022",San Pablo,CA,"14330 San Pablo Ave A, San Pablo, CA",Unionized,Starbucks Corporation,WORKERS UNITED,"Aug 29, 2022",Initial,3.0,11.0,31,32-RC-297724
"Jun 16, 2022",Montclair,NJ,"40 South Park Street, Montclair, New Jersey",Unionized,STARBUCKS CORPORATION,Workers United,"Aug 10, 2022",Initial,7.0,0.0,17,22-RC-297792
"Jun 16, 2022",Cape Coral,FL,,Withdrawn,Starbucks Corporation,,,Initial,,,33,12-RC-297802
"Jun 15, 2022",Garden Grove,CA,"12711 Brookhurst Street, Garden Grove, California",Voted Failed,Starbucks Corporation,Workers United,"Sep 01, 2022",Initial,9.0,9.0,29,21-RC-297661
"Jun 14, 2022",Berkeley,CA,"2224 Shattuck Ave., Berkeley, CA",Unionized,Starbucks Corporation,WORKERS UNITED,"Aug 22, 2022",Initial,12.0,6.0,24,32-RC-297553
"Jun 14, 2022",Edina,MN,"5122 Edina Industrial Blvd, Edina, MN",Unionized,Starbucks Corporation,"Chicago and Midwest Regional Joint Board, Workers United/SEIU","Aug 18, 2022",Initial,9.0,0.0,23,18-RC-297566
"Jun 14, 2022",West Allis,WI,,Withdrawn,Starbucks Corporation,,,Initial,,,21,18-RC-297612
"Jun 07, 2022",Syracuse,NY,,Withdrawn,Starbucks Corporation,,,Initial,,,20,03-RC-297128
"Jun 06, 2022",Scottsboro,AL,"23029 John T. Reid Pkwy, Scottsboro, Alabama",Open,Starbucks Corporation,"Workers United, Southern Regional Joint Board a/w Service Employees International Union","Oct 31, 2022",Revised,9.0,8.0,29,10-RC-297006
"Jun 06, 2022",San Francisco,CA,"4094 18th Street, San Francisco, California",Unionized,Starbucks Corporation,WORKERS UNITED,"Aug 17, 2022",Initial,7.0,2.0,15,20-RC-297117
"Jun 06, 2022",Portland,OR,"6080 South Macadam Ave., Portland, Oregon",Unionized,Starbucks Corporation,Workers United,"Aug 10, 2022",Initial,8.0,1.0,10,19-RC-297141
"Jun 06, 2022",North Bend,WA,"721 SW Mount Si Blvd, Unit B, North Bend, Washington",Unionized,Starbucks Corporation,Workers United,"Aug 08, 2022",Initial,12.0,2.0,27,19-RC-297142
"Jun 06, 2022",Seattle,WA,,Other,Starbucks Corporation,,,Initial,,,22,19-RC-297140
"Jun 03, 2022",Philadelphia,PA,"1201 Market Street, Philadelphia, Pennsylvania",Voted Failed,Starbucks Corporation,WORKERS UNITED,"Jul 13, 2022",Initial,3.0,13.0,23,04-RC-297037
"Jun 02, 2022",San Antonio,TX,"12711 Blanco Rd., Unit 1, San Antonio, Texas",Unionized,STARBUCKS CORPORATION,WORKERS UNITED,"Aug 05, 2022",Initial,10.0,2.0,20,16-RC-296944
"Jun 01, 2022",Wilmington,NC,"7201 Market Street, Wilmington, NC",Unionized,Starbucks Corporation,"Workers United, Southern Regional Joint Board","Aug 23, 2022",Initial,16.0,10.0,33,10-RC-296802
"May 31, 2022",Chicago,IL,"6350 N. Broadway, Chicago Illinois",Open,Starbucks Corporation,"Chicago & Midwest Regional Joint Board, Workers United, an affiliate of SEIU","Aug 19, 2022",Initial,12.0,2.0,24,13-RC-296747
"May 31, 2022",Richmond Heights,MO,"8023 Dale Avenue, Richmond Heights, MO",Unionized,Starbucks Corporation,"Chicago and Midwest Regional Joint Board, Workers United/SEIU","Aug 11, 2022",Initial,22.0,3.0,33,14-RC-296784
"May 31, 2022",Portland,OR,"401 SW Morrison Street, Portland, Oregon",Unionized,Starbucks Corporation,Workers United,"Aug 05, 2022",Initial,6.0,0.0,16,19-RC-296755
"May 31, 2022",Pittsburgh,PA,"7707 McKnight Road, Pittsburgh, Pennsylvania",Unionized,Starbucks Corporation,Workers United,"Aug 03, 2022",Initial,16.0,4.0,42,06-RC-296680
"May 31, 2022",Clarksville,IN,"1231 Veterans Parkway, Clarksville, Indiana",Unionized,STARBUCKS CORPORATION,"Chicago and Midwest Regional Joint Board, Workers United/SEIU","Jul 29, 2022",Initial,14.0,1.0,30,09-RC-296739
"May 27, 2022",Carbondale,IL,"1025 East Main Street, Carbondale, IL",Unionized,Starbucks Corporation,"Chicago and Midwest Regional Joint Board, Workers United/SEIU","Aug 11, 2022",Initial,11.0,2.0,22,14-RC-296646
"May 26, 2022",Vestal,NY,"2540 Vestal Pkwy East, in Vestal, NY",Unionized,Starbucks Corporation,"Rochester Regional Joint Board, Workers United","Aug 24, 2022",Initial,9.0,4.0,33,03-RC-296460
"May 26, 2022",Salem,OR,"3904 Commercial Street SE, Salem, Oregon",Unionized,Starbucks Corporation,Workers United,"Aug 09, 2022",Initial,13.0,2.0,25,19-RC-296544
"May 26, 2022",Chicago,IL,"6075 N. Lincoln Ave. Chicago, IL",Unionized,Starbucks Corporation,"Chicago & Midwest Regional Joint Board, an Affiliate of Workers United SEIU","Aug 03, 2022",Initial,4.0,3.0,20,13-RC-296481
"May 26, 2022",Portland,OR,,Withdrawn,Starbucks Corporation,,,Initial,,,9,19-RC-296545
"May 25, 2022",Dallas,TX,"5331 East Mockingbird Lane #150, Dallas, Texas",Unionized,STARBUCKS CORPORATION,Workers United,"Jul 29, 2022",Initial,8.0,0.0,16,16-RC-296428
"May 24, 2022",Los Angeles,CA,"6066 W. Olympic Blvd., Los Angeles, CA",Unionized,Starbucks Corporation,Workers United,"Aug 03, 2022",Initial,8.0,4.0,17,31-RC-296439
"May 24, 2022",Sterling,VA,"21000 Southbank Street, Sterling, Virginia",Unionized,Starbucks Corporation,"Mid-Atlantic Regional Joint Board, Workers United a/w Service Employees International Union","Jun 28, 2022",Initial,11.0,4.0,20,05-RC-296297
"May 20, 2022",Wichita,KS,"2166 North Amidon, Wichita, KS",Voted Failed,Starbucks Corporation,Service Employees International Union Local 513,"Aug 01, 2022",Initial,5.0,6.0,26,14-RC-296161
"May 20, 2022",Riverside,CA,"1303 University Avenue, Riverside, California",Open,Starbucks Corporation,Workers United,"Jul 29, 2022",Initial,3.0,1.0,28,21-RC-296247
"May 20, 2022",Pittsburgh,PA,"5310 Liberty Ave., Pittsburgh, Pennsylvania",Unionized,Starbucks Corporation,Workers United,"Jul 26, 2022",Initial,8.0,6.0,17,06-RC-296143
"May 20, 2022",Pittsburgh,PA,"4885 McKnight Road, Pittsburgh, Pennsylvania",Voted Failed,Starbucks Corporation,WORKERS UNITED A/W SERVICE EMPLOYEES INTERNATIONAL UNION,"Jul 26, 2022",Initial,4.0,6.0,18,06-RC-296139
"May 20, 2022",Bulverde,TX,"109 Old Boerne Road, Bulverde, Texas",Voted Failed,STARBUCKS CORPORATION,Workers United,"Jul 25, 2022",Initial,4.0,17.0,25,16-RC-296156
"May 19, 2022",Los Angeles,CA,"3241 Figueroa St., Los Angeles, CA",Unionized,Starbucks Corporation,Workers United,"Aug 02, 2022",Initial,21.0,2.0,40,31-RC-296098
"May 18, 2022",Sylmar,CA,"12980 Foothill Blvd., Sylmar, CA",Open,Starbucks Corporation,Workers United,"Jul 28, 2022",Initial,7.0,15.0,27,31-RC-296066
"May 17, 2022",Malta,NY,"2 Kelch Drive, Malta, New York",Unionized,Starbucks Corporation,"Rochester Regional Joint Board, Workers United","Aug 15, 2022",Initial,11.0,8.0,32,03-RC-295892
"May 17, 2022",Barstow,CA,"2489 Lenwood Rd, Barstow, CA",Unionized,Starbucks Corporation,Workers United,"Jul 27, 2022",Initial,9.0,3.0,17,31-RC-295959
"May 16, 2022",Greensburg,PA,"2540 Greengate Center Circle, Greensburg, PA",Unionized,Starbucks Corporation,"International Brotherhood of Teamsters, Local Union No. 30","Jun 21, 2022",Initial,21.0,6.0,31,06-RC-295875
"May 13, 2022",Seattle,WA,"4115 4th Ave. S., Seattle, Washington",Open,Starbucks Corporation,Workers United,"Oct 06, 2022",Initial,4.0,4.0,24,19-RC-295849
"May 12, 2022",Huntington Beach,CA,"6502 Bolsa Avenue, Huntington Beach, California",Unionized,Starbucks Corporation,Workers United,"Jul 22, 2022",Initial,12.0,2.0,16,21-RC-295771
"May 12, 2022",Biddeford,ME,"360 Alfred St, Biddeford, ME",Unionized,Starbucks Corporation,Workers United,"Jul 14, 2022",Initial,9.0,3.0,24,01-RC-295712
"May 12, 2022",Vernon,CT,"135 Talcottville Rd, Vernon, CT",Unionized,Starbucks Corporation,WORKERS UNITED A/W SERVICE EMPLOYEES INTERNATIONAL UNION,"Jul 14, 2022",Initial,13.0,1.0,29,01-RC-295710
"May 11, 2022",Wichita,KS,"8008 East Central, Wichita, Kansas",Unionized,Starbucks Corporation,Central and Rock Partners Union,"Aug 16, 2022",Initial,9.0,6.0,28,14-RC-295709
"May 10, 2022",Sumter,SC,,Withdrawn,Starbucks Corporation,,,Initial,,,47,10-RC-295503
"May 09, 2022",Rockford,IL,"3001 North Perryville Road, Rockford, IL",Unionized,Starbucks Corporation,"Chicago and Midwest Regional Joint Board, Workers United/SEIU","Jul 21, 2022",Initial,16.0,2.0,23,25-RC-295476
"May 09, 2022",Salt Lake City,UT,,Unionized,Starbucks Corporation,"Chicago and Midwest Regional Joint Board, Workers United/SEIU","Jul 19, 2022",Initial,9.0,0.0,20,27-RC-295440
"May 09, 2022",Bellingham,WA,"4303 Guide Meridian, Bellingham, Washington",Unionized,Starbucks Corporation,"Chicago and Midwest Regional Joint Board, Workers United/SEIU","Jul 06, 2022",Initial,10.0,3.0,23,19-RC-295481
"May 09, 2022",Seattle,WA,,Withdrawn,Starbucks Corporation,,,Initial,,,24,19-RC-295494
"May 06, 2022",Phoenix,AZ,"837 North 7th Avenue, Phoenix, Arizona",Voted Failed,Starbucks Corporation,WORKERS UNITED,"Aug 03, 2022",Initial,5.0,15.0,35,28-RC-295386
"May 04, 2022",Brawley,CA,,Withdrawn,Starbucks Corporation,,,Initial,,,35,21-RC-295244
"May 03, 2022",Farmingville,NY,"2280 North Ocean Avenue B, Farmingville, New York",Unionized,Starbucks Corporation,WORKERS UNITED A/W SERVICE EMPLOYEES INTERNATIONAL UNION,"Jul 26, 2022",Initial,13.0,1.0,36,29-RC-295055
"May 03, 2022",El Dorado Hills,CA,"4311 Town Center Blvd., El Dorado Hills, CA",Voted Failed,Starbucks Corporation,WORKERS UNITED A/W SERVICE EMPLOYEES INTERNATIONAL UNION,"Jul 13, 2022",Initial,2.0,7.0,19,32-RC-295074
"May 03, 2022",Peoria,IL,"707 W Pioneer Parkway, Peoria, IL",Open,Starbucks Corporation,"Chicago and Midwest Regional Joint Board, Workers United/SEIU","Jul 12, 2022",Initial,2.0,2.0,8,25-RC-295115
"May 03, 2022",El Paso,TX,,Withdrawn,Starbucks Corporation,,,Initial,,,27,28-RC-295333
"May 03, 2022",Seattle,WA,,Withdrawn,Starbucks Corporation,,,Initial,,,24,19-RC-295129
"May 02, 2022",Winter Park,FL,"400 Park Ave., Winter Park, Florida",Voted Failed,Starbucks Corporation,"Workers United, Southern Regional Joint Board","Jul 20, 2022",Initial,5.0,8.0,20,12-RC-295000
"May 02, 2022",South Burlington,VT,"580 Shelburne Road #9, South Burlington, Vermont",Unionized,Starbucks Corporation,"Rochester Regional Joint Board, Workers United","Jul 14, 2022",Initial,4.0,2.0,20,03-RC-294985
"May 02, 2022",Happy Valley,OR,"9610 SE 82nd Avenue, Happy Valley, Oregon",Unionized,Starbucks Corporation,WORKERS UNITED,"Jul 08, 2022",Initial,16.0,0.0,29,19-RC-295057
"May 02, 2022",Seattle,WA,"4000 E Madison St, Seattle, WA",Unionized,Starbucks Corporation,"Chicago and Midwest Regional Joint Board, Workers United/SEIU","Jun 30, 2022",Initial,6.0,1.0,18,19-RC-294994
"May 02, 2022",Atlanta,GA,1544 Piedmont Rd NE,Unionized,Starbucks Corporation,"Workers United, Southern Regional Joint Board","Jun 22, 2022",Initial,11.0,3.0,16,10-RC-294986
"May 02, 2022",Glen Allen,VA,"11332 Nuckols Road, Glen Allen, Virginia",Voted Failed,Starbucks Corporation,"Mid-Atlantic Regional Joint Board, Workers United a/w Service Employees International Union","Jun 10, 2022",Initial,7.0,20.0,31,05-RC-295021
"Apr 29, 2022",Fresno,CA,"7010 N. Mark Avenue, Fresno, CA",Voted Failed,Starbucks Corporation,WORKERS UNITED,"Jul 11, 2022",Initial,0.0,14.0,22,32-RC-294940
"Apr 28, 2022",East Amherst,NY,"9660 Transit Road, East Amherst, NY",Unionized,Starbucks Corporation,"Rochester Regional Joint Board, Workers United","Jul 11, 2022",Initial,11.0,1.0,26,03-RC-294786
"Apr 26, 2022",Alcoa,TN,"121 Cusick Rd, Alcoa, TN",Unionized,Starbucks Corporation,"Workers United, Southern Regional Joint Board","Jul 11, 2022",Initial,15.0,7.0,29,10-RC-294680
"Apr 26, 2022",Fitchburg,WI,"2981 Triverton Pike Drive, Fitchburg, Wisconsin",Voted Failed,Starbucks Corporation,"United Food and Commercial Workers, Local 1473","Jul 11, 2022",Initial,1.0,21.0,33,18-RC-294802
"Apr 26, 2022",Seattle,WA,4147 University Way NE,Unionized,Starbucks Corporation,"Chicago and Midwest Regional Joint Board, Workers United/SEIU","Jun 28, 2022",Initial,10.0,5.0,32,19-RC-294701
"Apr 26, 2022",Madison,WI,,Withdrawn,Starbucks Corporation,,,Initial,,,36,18-RC-294801
"Apr 26, 2022",Monona,WI,,Withdrawn,Starbucks Corporation,,,Initial,,,26,18-RC-294764
"Apr 25, 2022",Smyrna,TN,"620 Sam Ridley Parkway West, Smyrna, TN",Voted Failed,Starbucks Corporation,"Workers United, Southern Regional Joint Board","Jul 26, 2022",Revised,8.0,8.0,35,10-RC-294624
"Apr 22, 2022",Valley Park,MO,"922 Meramec Station Road, Valley Park, MO",Unionized,Starbucks Corporation,"Chicago & Midwest Regional Joint Board, Workers United/SEIU","Jul 07, 2022",Initial,11.0,6.0,25,14-RC-294493
"Apr 22, 2022",Eden Prairie,MN,"9250 Hennepin Town Road, Eden Prairie, Minnesota",Voted Failed,Starbucks Corporation,"Chicago and Midwest Regional Joint Board, Workers United/SEIU","Jul 01, 2022",Initial,8.0,9.0,26,18-RC-294643
"Apr 22, 2022",Gresham,OR,"2233 E. Burnside Rd., Gresham, Oregon",Unionized,Starbucks Corporation,"Chicago and Midwest Regional Joint Board, Workers United/SEIU","Jun 28, 2022",Initial,14.0,3.0,27,19-RC-294563
"Apr 21, 2022",Gardner,MA,"308 West Broadway #1, Gardner, MA",Unionized,Starbucks Corporation,Workers United,"Jun 23, 2022",Initial,14.0,0.0,31,01-RC-294409
"Apr 21, 2022",Albany,NY,"1475 Western Avenue in Albany, New York",Unionized,Starbucks Corporation,"Rochester Regional Joint Board, Workers United","Jun 07, 2022",Initial,15.0,0.0,22,03-RC-294402
"Apr 21, 2022",Fresno,CA,,Other,Starbucks Corporation,,,Initial,,,22,32-RC-294523
"Apr 20, 2022",Goleta,CA,"7030 Market Pl. Dr., Goleta, CA",Voted Failed,Starbucks Corporation,WORKERS UNITED,"Jun 24, 2022",Initial,5.0,7.0,25,31-RC-294436
"Apr 19, 2022",Tucson,AZ,"802-804 East University Boulevard, Tucson, Arizona",Unionized,Starbucks Corporation,WORKERS UNITED,"Jul 06, 2022",Initial,11.0,3.0,17,28-RC-294327
"Apr 19, 2022",Portland,OR,"1102 NW Lovejoy St. Portland, OR",Unionized,Starbucks Corporation,WORKERS UNITED,"Jun 23, 2022",Initial,8.0,0.0,14,19-RC-294288
"Apr 19, 2022",Pittsburgh,PA,"5932 Penn Circle South, Pittsburgh, Pennsylvania",Unionized,Starbucks Corporation,Workers United,"Jun 16, 2022",Initial,10.0,0.0,15,06-RC-294253
"Apr 19, 2022",New Orleans,LA,"7700 Maple Street, New Orleans, Louisiana",Unionized,Starbucks Corporation,WORKERS UNITED A/W SERVICE EMPLOYEES INTERNATIONAL UNION,"Jun 04, 2022",Initial,11.0,1.0,15,15-RC-294263
"Apr 18, 2022",Westerville,OH,"533 S. State Street, Westerville, Ohio",Unionized,STARBUCKS CORPORATION,"Chicago & Midwest Regional Joint Board, an Affiliate of Workers United SEIU","Jun 29, 2022",Initial,8.0,2.0,32,09-RC-294225
"Apr 18, 2022",Amherst,NY,"3015 Niagara Falls Boulevard, Amherst, New York",Unionized,Starbucks Corporation,"Rochester Regional Joint Board, Workers United","Jun 16, 2022",Initial,11.0,4.0,32,03-RC-294186
"Apr 15, 2022",Bellingham,WA,814 Iowa,Unionized,Starbucks Corporation,"Chicago and Midwest Regional Joint Board, Workers United/SEIU","Jun 24, 2022",Initial,20.0,0.0,31,19-RC-294187
"Apr 15, 2022",Nanuet,NY,"126 Rockland Plaza, Nanuet, New York",Unionized,Starbucks Corporation,Workers United,"Jun 03, 2022",Initial,14.0,5.0,21,02-RC-294088
"Apr 15, 2022",Covington,GA,"3130 Hwy 278 NW, Covington, GA",Voted Failed,Starbucks Corporation,"Workers United, Southern Regional Joint Board","Jun 01, 2022",Initial,4.0,18.0,30,10-RC-294094
"Apr 15, 2022",Durham,NC,"1119 Slater Road, Durham, NC",Voted Failed,Starbucks Corporation,"Workers United, Southern Regional Joint Board","May 26, 2022",Initial,9.0,19.0,32,10-RC-294066
"Apr 15, 2022",Birmingham,AL,"308 20th Street South, Birmingham, AL",Unionized,Starbucks Corporation,"Workers United, Southern Regional Joint Board","May 26, 2022",Initial,27.0,1.0,33,10-RC-294065
"Apr 14, 2022",Queens,NY,"22-38 31st Street, Queens, NY",Unionized,Starbucks Corporation,Workers United,"Jun 30, 2022",Initial,7.0,4.0,22,29-RC-294146
"Apr 14, 2022",Bloomington,MN,"164 E Broadway, Bloomington, Minnesota",Unionized,Starbucks Corporation,"Chicago and Midwest Regional Joint Board, Workers United/SEIU","Jun 22, 2022",Initial,10.0,1.0,19,18-RC-294052
"Apr 14, 2022",Brooklyn,NY,"154 North Seventh Street, Brooklyn, NY",Unionized,Starbucks Corporation,Workers United,"Jun 21, 2022",Initial,10.0,0.0,16,29-RC-294160
"Apr 14, 2022",Pittsburgh,PA,"3464 William Penn Highway, Pittsburgh, Pennsylvania",Unionized,Starbucks Corporation,Workers United,"Jun 16, 2022",Initial,15.0,6.0,36,06-RC-294100
"Apr 14, 2022",Garden City,NY,"914 Old Country Road, Garden City, NY",Unionized,Starbucks Corporation,Workers United,"Jun 10, 2022",Initial,23.0,0.0,27,29-RC-294141
"Apr 13, 2022",Philadelphia,PA,"1128 Walnut Street, Philadelphia, Pennsylvania",Unionized,Starbucks Corporation,"Chicago and Midwest Regional Joint Board, Workers United/SEIU","Jun 21, 2022",Initial,6.0,1.0,13,04-RC-293959
"Apr 13, 2022",Ann Arbor,MI,"3650 Carpenter Road, Ypsilanti, Michigan",Unionized,Starbucks Corporation,"Chicago and Midwest Regional Joint Board, Workers United/SEIU","Jun 17, 2022",Initial,15.0,2.0,38,07-RC-293990
"Apr 13, 2022",Appleton,WI,"631 W. Northland Ave., Appleton, Wisconsin",Unionized,Starbucks Corporation,"Chicago & Midwest Regional Joint Board, Workers United affiliated with Service Employees International Union","Jun 16, 2022",Initial,10.0,7.0,24,18-RC-294019
"Apr 12, 2022",Chesterfield,MO,"1720 Clarkson Road, Chesterfield, MO",Voted Failed,Starbucks Corporation,"Chicago & Midwest Regional Joint Board, Workers United/SEIU","Jul 01, 2022",Initial,6.0,7.0,29,14-RC-293917
"Apr 12, 2022",Cincinnati,OH,"401 Vine Street, Cincinnati, Ohio",Unionized,STARBUCKS CORPORATION,"Chicago & Midwest Regional Joint Board, an Affiliate of Workers United SEIU","Jun 23, 2022",Initial,9.0,1.0,18,09-RC-293893
"Apr 12, 2022",Marysville,WA,17101 27th Ave NE,Unionized,Starbucks Corporation,"Chicago and Midwest Regional Joint Board, Workers United/SEIU","Jun 21, 2022",Initial,9.0,4.0,24,19-RC-293932
"Apr 12, 2022",Denver,CO,,Unionized,Starbucks Corporation,"Chicago & Midwest Regional Joint Board, Workers United/SEIU","Jun 13, 2022",Initial,8.0,5.0,24,27-RC-293880
"Apr 12, 2022",West Hartford,CT,"1449B New Britain Ave, West Hartford, CT",Unionized,Starbucks Corporation,"Chicago and Midwest Regional Joint Board, Workers United/SEIU","Jun 09, 2022",Initial,13.0,3.0,21,01-RC-293992
"Apr 12, 2022",Chicago,IL,"5964 N Ridge Ave., Chicago, Illinois",Unionized,Starbucks Corporation,Workers United,"May 25, 2022",Initial,20.0,3.0,29,13-RC-293883
"Apr 12, 2022",Newport News,VA,"340 Oyster Point Road, Newport News, Virginia",Unionized,Starbucks Corporation,"Mid-Atlantic Regional Joint Board, Workers United a/w Service Employees International Union","May 19, 2022",Initial,11.0,7.0,20,05-RC-293910
"Apr 11, 2022",La Quinta,CA,79845 CA,Unionized,Starbucks Corporation,"Chicago and Midwest Regional Joint Board, Workers United/SEIU","Jun 22, 2022",Initial,5.0,4.0,35,21-RC-293884
"Apr 11, 2022",Covina,CA,"611 South Citrus Avenue, Covina, California",Voted Failed,Starbucks Corporation,WORKERS UNITED,"Jun 21, 2022",Initial,7.0,10.0,36,21-RC-293882
"Apr 11, 2022",Long Beach,CA,"5251 2nd Street, Long Beach, California",Voted Failed,Starbucks Corporation,"Chicago and Midwest Regional Joint Board, Workers United/SEIU","Jun 21, 2022",Initial,3.0,5.0,24,21-RC-293881
"Apr 11, 2022",Portland,OR,,Other,Starbucks Corporation,,,Initial,,,15,19-RC-293851
"Apr 07, 2022",Chicago,IL,"1070 W Bryn Mawr Ave., Chicago, Illinois",Unionized,Starbucks Corporation,Chicago & Midwest Regional Joint Board,"May 25, 2022",Initial,10.0,1.0,14,13-RC-293654
"Apr 06, 2022",Warwick,RI,"25 Pace Blvd, Warwick, RI",Voted Failed,Starbucks Corporation,Workers United,"Aug 31, 2022",Revised,9.0,9.0,30,01-RC-293595
"Apr 06, 2022",Colorado Springs,CO,,Unionized,Starbucks Corporation,"Chicago & Midwest Regional Joint Board, Workers United/SEIU","Jun 08, 2022",Initial,12.0,4.0,27,27-RC-293572
"Apr 06, 2022",Bel Air,MD,,Unionized,Starbucks Corporation,"Mid-Atlantic Regional Joint Board, Workers United a/w Service Employees International Union","Jun 01, 2022",Initial,8.0,5.0,31,05-RC-293573
"Apr 06, 2022",Stevensville,MD,"450 Thompson Creek Road, Stevensville, Maryland",Unionized,Starbucks Corporation,"Mid-Atlantic Regional Joint Board, Workers United a/w Service Employees International Union","Jun 01, 2022",Initial,6.0,3.0,21,05-RC-293590
"Apr 06, 2022",Nottingham,MD,"5350 Campbell Boulevard, Nottingham, Maryland",Unionized,Starbucks Corporation,"Mid-Atlantic Regional Joint Board, Workers United a/w Service Employees International Union","Jun 01, 2022",Initial,10.0,2.0,21,05-RC-293696
"Apr 06, 2022",Olney,MD,16806 Georgia,Unionized,Starbucks Corporation,"Mid-Atlantic Regional Joint Board, Workers United a/w Service Employees International Union","May 20, 2022",Initial,9.0,4.0,18,05-RC-293687
"Apr 06, 2022",Sun Valley,CA,,Withdrawn,Starbucks Corporation,,,Initial,,,32,31-RC-293662
"Apr 05, 2022",Norman,OK,"3051 Classen Blvd., Norman, Oklahoma",Voted Failed,Starbucks Corporation,WORKERS UNITED A/W SERVICE EMPLOYEES INTERNATIONAL UNION,"Aug 05, 2022",Initial,8.0,8.0,35,14-RC-293567
"Apr 05, 2022",Denton,TX,"2320 W. University Drive, Denton, Texas",Unionized,STARBUCKS CORPORATION,Workers United,"Jun 30, 2022",Initial,17.0,5.0,41,16-RC-293512
"Apr 04, 2022",St. Louis,MO,"1216 Hampton Ave., St. Louis, MO",Unionized,Starbucks Corporation,"Chicago & Midwest Regional Joint Board, Workers United/SEIU","Jun 17, 2022",Initial,17.0,0.0,25,14-RC-293479
"Apr 04, 2022",Oklahoma City,OK,"3616 N May Avenue, Oklahoma",Unionized,Starbucks Corporation,Workers United,"Jun 14, 2022",Initial,14.0,1.0,28,14-RC-293408
"Apr 04, 2022",St. Louis,MO,"3700 S Kingshighway Boulevard, St. Louis, MO",Unionized,Starbucks Corporation,"Chicago & Midwest Regional Joint Board, an Affiliate of Workers United SEIU","Jun 14, 2022",Initial,9.0,4.0,29,14-RC-293441
"Apr 04, 2022",Cottonwood Heights,UT,,Unionized,Starbucks Corporation,"Chicago and Midwest Regional Joint Board, Workers United/SEIU","Jun 10, 2022",Initial,11.0,6.0,20,27-RC-293438
"Apr 04, 2022",Boston,MA,"443 Boylston Street, Boston, MA",Unionized,Starbucks Corporation,WORKERS UNITED,"Jun 09, 2022",Initial,5.0,1.0,27,01-RC-293421
"Apr 04, 2022",Pittsburgh,PA,"4840 McKnight Road, Pittsburgh, Pennsylvania",Voted Failed,Starbucks Corporation,"Mid Atlantic Regional Joint Board, Workers United","May 31, 2022",Initial,6.0,11.0,24,06-RC-293424
"Apr 04, 2022",Pittsburgh,PA,"1400 East Carson Street, Pittsburgh, Pennsylvania",Unionized,Starbucks Corporation,"Mid Atlantic Regional Joint Board, Workers United","May 31, 2022",Initial,6.0,4.0,19,06-RC-293429
"Apr 04, 2022",Boone,NC,"1700 Blowing Rock Road, Boone, NC",Unionized,Starbucks Corporation,"Workers United, Southern Regional Joint Board","Apr 30, 2022",Initial,33.0,2.0,48,10-RC-293398
"Apr 01, 2022",Bridgeton,MO,"12419 St. Charles Rock Road, Bridgeton, MO",Open,Starbucks Corporation,"Chicago and Midwest Regional Joint Board, Workers United/ SEIU","Jun 13, 2022",Initial,9.0,14.0,41,14-RC-293357
"Apr 01, 2022",Richmond,VA,,Withdrawn,Starbucks Corporation,,,Initial,,,29,05-RC-293328
"Mar 30, 2022",Madison,WI,"1 E. Main Street, Madison, Wisconsin",Unionized,Starbucks Corporation,"Chicago and Midwest Regional Joint Board, Workers United/SEIU","Jun 30, 2022",Initial,15.0,1.0,22,18-RC-293286
"Mar 30, 2022",Minneapolis,MN,"5351 Lyndale Ave S, Minneapolis, Minnesota",Voted Failed,Starbucks Corporation,"Chicago and Midwest Regional Joint Board, Workers United/SEIU","Jun 14, 2022",Initial,5.0,6.0,19,18-RC-293227
"Mar 30, 2022",St. Louis,MO,"1500 South Lindbergh Blvd., St. Louis, MO",Unionized,Starbucks Corporation,Workers United,"Jun 13, 2022",Initial,12.0,3.0,28,14-RC-293254
"Mar 30, 2022",Portland,OR,"12235 N. Center Ave., Portland, Oregon",Unionized,Starbucks Corporation,Workers United,"Jun 07, 2022",Initial,10.0,5.0,25,19-RC-293238
"Mar 30, 2022",Latham,NY,"1210 Troy Schenectady Road in Latham, New York",Unionized,Starbucks Corporation,"Rochester Regional Joint Board, Workers United","May 17, 2022",Initial,8.0,6.0,19,03-RC-293138
"Mar 29, 2022",Chandler,AZ,"885 North 54th Street #1, Chandler, Arizona",Voted Failed,Starbucks Corporation,WORKERS UNITED,"Jun 09, 2022",Initial,1.0,9.0,17,28-RC-293178
"Mar 29, 2022",Seattle,WA,"1600 E Olive Way, Seattle, Washington",Unionized,Starbucks Corporation,"Chicago and Midwest Regional Joint Board, Workers United/SEIU","Jun 07, 2022",Initial,8.0,0.0,20,19-RC-293131
"Mar 29, 2022",Asheville,NC,"62 Charlotte Street, Asheville, NC",Voted Failed,Starbucks Corporation,WORKERS UNITED,"May 11, 2022",Initial,6.0,11.0,23,10-RC-293160
"Mar 28, 2022",Chicago,IL,"2101 W Armitage Ave, Chicago, Illinois",Unionized,Starbucks Corporation,"Chicago & Midwest Regional Joint Board, Workers United/SEIU","Jun 14, 2022",Initial,15.0,1.0,27,13-RC-293064
"Mar 28, 2022",Lawrence,KS,"1731 W 23rd Street, Lawrence, KS",Unionized,Starbucks Corporation,"Chicago & Midwest Regional Joint Board, Workers United/SEIU","Jun 07, 2022",Initial,19.0,3.0,37,14-RC-293092
"Mar 28, 2022",Tumwater,WA,"5300 Capitol Blvd SE, Tumwater, Washington",Unionized,Starbucks Corporation,"Chicago and Midwest Regional Joint Board, Workers United/SEIU","Jun 07, 2022",Initial,12.0,3.0,35,19-RC-293041
"Mar 28, 2022",Westford,MA,"174 Littleton Road, Westford, MA",Unionized,Starbucks Corporation,WORKERS UNITED A/W SERVICE EMPLOYEES INTERNATIONAL UNION,"Jun 03, 2022",Initial,11.0,0.0,30,01-RC-292964
"Mar 28, 2022",Brookline,MA,"874 Commonwealth Ave, Brookline, MA",Unionized,Starbucks Corporation,"Chicago and Midwest Regional Joint Board, Workers United/SEIU","Jun 03, 2022",Initial,10.0,0.0,36,01-RC-292965
"Mar 28, 2022",Worcester,MA,"11 East Central Street, Worcester, MA",Unionized,Starbucks Corporation,Workers United,"Jun 03, 2022",Initial,14.0,0.0,39,01-RC-292949
"Mar 25, 2022",Capitola,CA,"1955 41st Avenue, Capitola, CA",Unionized,Starbucks Corporation,WORKERS UNITED A/W SERVICE EMPLOYEES INTERNATIONAL UNION,"Jun 06, 2022",Initial,8.0,3.0,21,32-RC-292934
"Mar 24, 2022",Anaheim,CA,"1570 South Disneyland Drive, Suite 105, Anaheim, California",Unionized,Starbucks Corporation,WORKERS UNITED SOUTHWEST REGIONAL JOINT BOARD,"Jun 16, 2022",Initial,29.0,15.0,98,21-RC-292951
"Mar 24, 2022",Oviedo,FL,"305 E Mitchell Hammock Rd, Oviedo, Florida",Unionized,Starbucks Corporation,WORKERS UNITED,"Jun 09, 2022",Initial,24.0,6.0,42,12-RC-292836
"Mar 24, 2022",Anaheim,CA,"131 East Katella Avenue, Unit 10, Anaheim, California",Unionized,Starbucks Corporation,WORKERS UNITED SOUTHWEST REGIONAL JOINT BOARD,"Jun 09, 2022",Initial,10.0,1.0,28,21-RC-292957
"Mar 23, 2022",Boston,MA,"627 Tremont Street, Boston, MA",Unionized,Starbucks Corporation,Chicago & Midwest Regional Joint Board - Workers United/SEIU,"Jul 20, 2022",Revised,4.0,0.0,32,01-RC-292803
"Mar 23, 2022",Pittsburgh,PA,"425 Craig Street, Pittsburgh, Pennsylvania",Unionized,Starbucks Corporation,WORKERS UNITED,"Jun 28, 2022",Revised,9.0,8.0,27,06-RC-292767
"Mar 23, 2022",Pittsburgh,PA,"7 Market Square, Pittsburgh, Pennsylvania",Unionized,Starbucks Corporation,"Mid Atlantic Regional Joint Board, Workers United","May 26, 2022",Initial,8.0,1.0,23,06-RC-292760
"Mar 22, 2022",Kansas City,MO,"4101 Main Street, Kansas",Open,Starbucks Corporation,Chicago & Midwest Regional Joint Board - Workers United/SEIU,"Jun 22, 2022",Initial,5.0,4.0,32,14-RC-292753
"Mar 22, 2022",Scott,MN,3704 Silver Lake Rd NE,Unionized,Starbucks Corporation,"Chicago and Midwest Regional Joint Board, Workers United/SEIU","Jun 06, 2022",Initial,12.0,5.0,28,18-RC-292716
"Mar 22, 2022",Anderson,SC,"4686 Clemson Blvd., Anderson, SC",Unionized,Starbucks Corporation,"Workers United, Southern Regional Joint Board","May 31, 2022",Initial,18.0,0.0,23,10-RC-292644
"Mar 22, 2022",Columbus,OH,"88 E. Broad Street, Columbus, Ohio",Unionized,STARBUCKS CORPORATION,"Chicago & Midwest Regional Joint Board, an Affiliate of Workers United SEIU","May 24, 2022",Initial,8.0,4.0,13,09-RC-292683
"Mar 22, 2022",Denver,CO,,Unionized,Starbucks Corporation,"Chicago and Midwest Regional Joint Board, Workers United/SEIU","May 19, 2022",Initial,9.0,1.0,24,27-RC-292681
"Mar 22, 2022",Estero,FL,"19533 Highland Oaks Dr., Estero, Florida",Voted Failed,Starbucks Corporation,Workers United Labor Union International a/w Service Employees International Union,"May 06, 2022",Initial,11.0,21.0,37,12-RC-292669
"Mar 21, 2022",Austin,TX,"4400 North Lamar Boulevard, Austin, Texas",Unionized,STARBUCKS CORPORATION,WORKERS UNITED SOUTHWEST REGIONAL JOINT BOARD,"Jun 03, 2022",Initial,10.0,1.0,27,16-RC-292620
"Mar 18, 2022",Mill Valley,CA,"800 Strawberry Village, Mill Valley, California",Voted Failed,Starbucks Corporation,Workers United/Service Employees International Union,"Jun 06, 2022",Initial,6.0,7.0,20,20-RC-292521
"Mar 18, 2022",Astoria,NY,"30-18 Astoria Blvd, Long Island City, NY",Unionized,Starbucks Corporation,Workers United,"Jun 06, 2022",Initial,11.0,0.0,14,29-RC-292481
"Mar 18, 2022",Seattle,WA,"2344 Eastlake Ave. E, Seattle, Washington",Unionized,Starbucks Corporation,WORKERS UNITED A/W SERVICE EMPLOYEES INTERNATIONAL UNION,"May 27, 2022",Initial,12.0,0.0,15,19-RC-292503
"Mar 18, 2022",Portland,OR,"7001 SE Milwaukie Ave., Portland, Oregon",Unionized,Starbucks Corporation,"Chicago and Midwest Regional Joint Board, Workers United/SEIU","May 24, 2022",Initial,9.0,1.0,13,19-RC-292533
"Mar 17, 2022",Oklahoma City,OK,"132 NW 23rd St., Oklahoma",Unionized,Starbucks Corporation,WORKERS UNITED A/W SERVICE EMPLOYEES INTERNATIONAL UNION,"May 31, 2022",Initial,15.0,2.0,33,14-RC-292446
"Mar 16, 2022",Cleveland,OH,"11302 Euclid Avenue, Cleveland, Ohio",Unionized,Starbucks Corporation,"Chicago and Midwest Regional Joint Board, Workers United/Service Employees International Union","Jul 22, 2022",Initial,11.0,9.0,24,08-RC-292577
"Mar 16, 2022",San Antonio,TX,"200 E. Houston Street, San Antonio, Texas",Unionized,STARBUCKS CORPORATION,WORKERS UNITED SOUTHWEST REGIONAL JOINT BOARD,"Jun 21, 2022",Initial,13.0,0.0,21,16-RC-292335
"Mar 16, 2022",Seattle,WA,"505 5th Ave. S., Seattle, Washington",Unionized,Starbucks Corporation,WORKERS UNITED A/W SERVICE EMPLOYEES INTERNATIONAL UNION,"May 27, 2022",Initial,6.0,3.0,15,19-RC-292421
"Mar 16, 2022",Columbia,SC,"3009 Millwood Ave., Columbia, South Carolina",Unionized,Starbucks Corporation,"Workers United, Southern Regional Joint Board","May 26, 2022",Initial,12.0,0.0,27,10-RC-292341
"Mar 16, 2022",Louisville,KY,"12911 Factory Lane, Louisville, Kentucky",Unionized,STARBUCKS CORPORATION,"Chicago & Midwest Regional Joint Board, Workers United/SEIU","May 26, 2022",Initial,19.0,5.0,43,09-RC-292370
"Mar 16, 2022",Los Alamitos,CA,"3575 Katella Avenue, Los Alamitos, California",Voted Failed,Starbucks Corporation,Workers United,"May 23, 2022",Initial,2.0,11.0,23,21-RC-292423
"Mar 16, 2022",Oviedo,FL,,Withdrawn,Starbucks Corporation,,,Initial,,,39,12-RC-292377
"Mar 15, 2022",Colorado Springs,CO,,Open,Starbucks Corporation,"Chicago and Midwest Regional Joint Board, Workers United/SEIU","Feb 09, 2023",Revised,10.0,10.0,29,27-RC-292261
"Mar 15, 2022",Los Angeles,CA,"138 South Central Avenue, Los Angeles, California",Unionized,Starbucks Corporation,WORKERS UNITED,"May 23, 2022",Initial,5.0,0.0,19,21-RC-292310
"Mar 14, 2022",Murfreesboro,TN,"1144 Fortress Blvd., Murfreesboro, Tennessee",Voted Failed,Starbucks Corporation,WORKERS UNITED,"May 27, 2022",Initial,12.0,16.0,36,10-RC-292155
"Mar 14, 2022",Knoxville,TN,"7803 Montvue Center Way, Knoxville, TN",Unionized,Starbucks Corporation,"Workers United, Southern Regional Joint Board","May 26, 2022",Initial,13.0,4.0,33,10-RC-292148
"Mar 14, 2022",Amherst,NY,"5395-5495 Sheridan Drive, Amherst, New York",Unionized,Starbucks Corporation,Workers United,"May 23, 2022",Initial,6.0,3.0,25,03-RC-292127
"Mar 14, 2022",Leesburg,VA,"526 East Market Street, Leesburg, Virginia",Unionized,Starbucks Corporation,"Mid-Atlantic Regional Joint Board, Workers United a/w Service Employees International Union","May 23, 2022",Initial,24.0,1.0,30,05-RC-292280
"Mar 14, 2022",Waban,MA,"474 Woodward Street, Waban, MA",Unionized,Starbucks Corporation,Workers United,"May 19, 2022",Initial,12.0,0.0,23,01-RC-292142
"Mar 14, 2022",Miami Springs,FL,"52 Curtiss Pkwy., Miami Springs, Florida",Unionized,Starbucks Corporation,"Workers United, Southern Regional Joint Board a/w Service Employees International Union","May 10, 2022",Initial,10.0,3.0,17,12-RC-292183
"Mar 14, 2022",Falls Church,VA,,Unionized,Starbucks Corporation,"Mid-Atlantic Regional Joint Board, Workers United","Apr 22, 2022",Initial,30.0,2.0,36,05-RC-292283
"Mar 11, 2022",Austin,TX,"504 W. 24th Street, Austin, Texas",Unionized,STARBUCKS CORPORATION,WORKERS UNITED SOUTHWEST REGIONAL JOINT BOARD,"Jun 10, 2022",Initial,10.0,2.0,34,16-RC-292111
"Mar 11, 2022",Portland,OR,525 NE,Unionized,Starbucks Corporation,"Chicago and Midwest Regional Joint Board, Workers United/SEIU","May 17, 2022",Initial,9.0,0.0,22,19-RC-292093
"Mar 10, 2022",Independence,MO,"18710 E 39th St., Independence, MO",Unionized,Starbucks Corporation,Worker's United Chicago & Midwest Regional Joint Board,"May 24, 2022",Initial,17.0,3.0,28,14-RC-292066
"Mar 10, 2022",Colorado Springs,CO,,Unionized,Starbucks Corporation,"Chicago and Midwest Regional Joint Board, Workers United/SEIU","May 19, 2022",Initial,13.0,0.0,24,27-RC-292032
"Mar 10, 2022",Denver,CO,,Unionized,Starbucks Corporation,"Chicago and Midwest Regional Joint Board, Workers United/SEIU","May 19, 2022",Initial,4.0,1.0,26,27-RC-292041
"Mar 10, 2022",Augusta,GA,"228 Robert C. Daniel Jr. Pkwy, Augusta, GA",Unionized,Starbucks Corporation,"Workers United, Southern Regional Joint Board","Apr 28, 2022",Initial,26.0,5.0,38,10-RC-292010
"Mar 09, 2022",Flint,MI,"3243 Miller Road, Flint, Michigan",Unionized,Starbucks Corporation,Workers United,"Jun 09, 2022",Initial,13.0,6.0,26,07-RC-291984
"Mar 09, 2022",East Lansing,MI,"1141 East Grand River Avenue, East Lansing, Michigan",Unionized,Starbucks Corporation,"Chicago and Midwest Regional Joint Board, Workers United/SEIU","Jun 09, 2022",Initial,19.0,0.0,29,07-RC-292006
"Mar 09, 2022",Grand Rapids,MI,"2480 Burton Street, Southeast, Grand Rapids, Michigan",Unionized,Starbucks Corporation,"Chicago and Midwest Regional Joint Board, Workers United, SEIU","May 13, 2022",Initial,15.0,3.0,30,07-RC-291974
"Mar 09, 2022",Hialeah,FL,"583 W. 49th Street, Hialeah, Florida",Voted Failed,Starbucks Corporation,"Workers United, Southern Regional Joint Board","Apr 20, 2022",Initial,12.0,14.0,37,12-RC-291975
"Mar 08, 2022",Linthicum Heights,MD,"1700 W. Nursery Road in Linthicum Heights, Maryland",Unionized,Starbucks Corporation,"Mid-Atlantic Regional Joint Board, Workers United a/w Service Employees International Union","May 10, 2022",Initial,15.0,2.0,23,05-RC-291899
"Mar 07, 2022",Philadelphia,PA,"3400 Civic Center Blvd., Philadelphia, PA",Unionized,Starbucks Corporation,Workers United,"May 25, 2022",Initial,10.0,1.0,26,04-RC-291798
"Mar 07, 2022",Long Beach,CA,"3390 East 7th Street, Long Beach, California",Unionized,Starbucks Corporation,WORKERS UNITED A/W SERVICE EMPLOYEES INTERNATIONAL UNION,"May 13, 2022",Initial,13.0,0.0,23,21-RC-291847
"Mar 07, 2022",Lakewood,CA,"4833 Candlewood Street, Lakewood, California",Unionized,Starbucks Corporation,Workers United,"May 13, 2022",Initial,24.0,1.0,35,21-RC-291844
"Mar 04, 2022",Portland,OR,"555 SW Oak Street, Portland, Oregon",Unionized,Starbucks Corporation,"Chicago and Midwest Regional Joint Board, Workers United/SEIU","May 17, 2022",Initial,5.0,0.0,6,19-RC-291713
"Mar 04, 2022",Portland,OR,"2328 W Burnside Street, #2, Portland, Oregon",Unionized,Starbucks Corporation,"Chicago and Midwest Regional Joint Board, Workers United/SEIU","May 17, 2022",Initial,7.0,2.0,14,19-RC-291715
"Mar 04, 2022",Portland,OR,"2880 SE Powell Boulevard, Portland, Oregon",Unionized,Starbucks Corporation,Workers United,"May 17, 2022",Initial,14.0,2.0,23,19-RC-291712
"Mar 04, 2022",Pittsburgh,PA,"4022 Fifth Avenue, Pittsburgh, Pennsylvania",Unionized,Starbucks Corporation,"Mid Atlantic Regional Joint Board, Workers United","May 06, 2022",Initial,10.0,3.0,44,06-RC-291724
"Mar 04, 2022",Portland,OR,,Other,Starbucks Corporation,,,Initial,,,22,19-RC-291714
"Mar 01, 2022",Avondale,AZ,"10585 West Indian School Road, Avondale, Arizona",Unionized,Starbucks Corporation,WORKERS UNITED,"May 05, 2022",Initial,17.0,3.0,30,28-RC-291566
"Mar 01, 2022",Eugene,OR,"1115 Valley River Drive, Eugene, Oregon",Unionized,Starbucks Corporation,"Mid Atlantic Regional Joint Board, Workers United","May 05, 2022",Initial,10.0,3.0,27,19-RC-291441
"Mar 01, 2022",Summit,NJ,"2 Beechwood Road, Summit, New Jersey",Unionized,Starbucks Corporation,WORKERS UNITED,"May 02, 2022",Initial,7.0,3.0,18,22-RC-291520
"Feb 28, 2022",Eugene,OR,"3110 W. 11th Avenue, Eugene, Oregon",Unionized,Starbucks Corporation,"Mid Atlantic Regional Joint Board, Workers United","May 05, 2022",Initial,7.0,2.0,25,19-RC-291410
"Feb 28, 2022",Minneapolis,MN,"4712 Cedar Ave., Minneapolis, Minnesota",Unionized,Starbucks Corporation,"Chicago and Midwest Regional Joint Board, Workers United/SEIU","May 02, 2022",Initial,11.0,3.0,31,18-RC-291359
"Feb 25, 2022",Phoenix,AZ,"17405 North 7th Street, Phoenix, Arizona",Unionized,Starbucks Corporation,WORKERS UNITED,"May 05, 2022",Initial,7.0,6.0,28,28-RC-291280
"Feb 25, 2022",Hamilton,NJ,"1081 Whitehorse Road, Hamilton Township, New Jersey",Unionized,Starbucks Corporation,Workers United,"May 02, 2022",Initial,8.0,3.0,28,22-RC-291263
"Feb 25, 2022",Olympia,WA,"315 Cooper Point Road NW, Unit 101, Olympia, Washington",Unionized,Starbucks Corporation,"Mid Atlantic Regional Joint Board, Workers United","Apr 29, 2022",Initial,19.0,2.0,30,19-RC-291290
"Feb 24, 2022",Jacksonville,FL,"1980 San Marco Blvd., Jacksonville, Florida",Unionized,Starbucks Corporation,"Workers United, Southern Regional Joint Board","May 10, 2022",Initial,8.0,1.0,14,12-RC-291207
"Feb 24, 2022",Farmville,VA,,Unionized,Starbucks Corporation,"Mid-Atlantic Regional Joint Board, Workers United a/w Service Employees International Union","May 03, 2022",Initial,12.0,3.0,27,05-RC-291198
"Feb 24, 2022",Seattle,WA,"9999 Holman Road NW, Seattle, Washington",Unionized,Starbucks Corporation,"Mid Atlantic Regional Joint Board, Workers United","Apr 29, 2022",Initial,11.0,1.0,14,19-RC-291186
"Feb 23, 2022",Richmond,VA,"1601 Willow Lawn Drive, 700-P, Richmond, Virginia",Unionized,Starbucks Corporation,"Mid-Atlantic Regional Joint Board, Workers United a/w Service Employees International Union","Apr 19, 2022",Initial,19.0,0.0,28,05-RC-291103
"Feb 23, 2022",Springfield,VA,"7475 Huntsman Boulevard, Springfield, Virginia",Voted Failed,Starbucks Corporation,"Mid-Atlantic Regional Joint Board, Workers United a/w Service Employees International Union","Apr 14, 2022",Initial,8.0,10.0,22,05-RC-291121
"Feb 22, 2022",Nichols Hills,OK,"1123 NW 63rd Avenue, Oklahoma",Unionized,Starbucks Corporation,"Workers United Labor Union International, affiliated with Service Employees International Union","Jul 25, 2022",Revised,13.0,11.0,35,14-RC-290942
"Feb 22, 2022",Cleveland Heights,OH,"3093 Mayfield Road, Cleveland Heights, Ohio",Unionized,Starbucks Corporation,"Chicago and Midwest Regional Joint Board, Workers United/Service Employees International Union","Jul 19, 2022",Initial,8.0,0.0,16,08-RC-291055
"Feb 22, 2022",Cleveland,OH,"11623 Clifton Boulevard, Cleveland Ohio",Unionized,Starbucks Corporation,"Chicago and Midwest Regional Joint Board, Workers United/Service Employees International Union","Jul 19, 2022",Initial,10.0,0.0,25,08-RC-291066
"Feb 22, 2022",Phoenix,AZ,"7000 East Mayo Boulevard, #28, Phoenix, Arizona",Open,Starbucks Corporation,Workers United,"May 05, 2022",Initial,6.0,8.0,31,28-RC-291029
"Feb 22, 2022",Plover,WI,"120 Crossroads Drive, Plover, Wisconsin",Unionized,Starbucks Corporation,"Chicago and Midwest Regional Joint Board, Workers United affiliated with Service Employees International Union","May 04, 2022",Initial,7.0,5.0,34,18-RC-291082
"Feb 22, 2022",Hialeah,FL,,Withdrawn,Starbucks Corporation,,,Initial,,,41,12-RC-291023
"Feb 17, 2022",Boston,MA,"125 Summer St., Boston, MA",Voted Failed,Starbucks Corporation,Chicago & Midwest Regional Joint Board - Workers United/SEIU,"Jul 14, 2022",Revised,4.0,10.0,13,01-RC-290850
"Feb 17, 2022",Newtonville,MA,"16-18 Austin St., Newtonville, MA",Voted Failed,Starbucks Corporation,"Chicago and Midwest Regional Joint Board, Workers United/SEIU","Jun 30, 2022",Initial,2.0,5.0,12,01-RC-290847
"Feb 17, 2022",Cambridge,MA,"120 Broadway, Cambridge, MA",Unionized,Starbucks Corporation,Workers United,"Jun 30, 2022",Initial,6.0,0.0,26,01-RC-290851
"Feb 16, 2022",Tallahassee,FL,1703 W. Tennessee,Unionized,Starbucks Corporation,"Workers United, Southern Regional Joint Board","May 25, 2022",Initial,4.0,3.0,33,12-RC-290700
"Feb 16, 2022",Tallahassee,FL,"222 S. Magnolia Drive, Suite 101, Tallahassee, Florida",Voted Failed,Starbucks Corporation,"Workers United, Southern Regional Joint Board a/w Service Employees International Union","May 25, 2022",Initial,9.0,15.0,35,12-RC-290711
"Feb 16, 2022",Greenville,SC,"3905 Pelham Road, Greenville, SC",Unionized,Starbucks Corporation,"Workers United, Southern Regional Joint Board","May 16, 2022",Initial,8.0,1.0,29,10-RC-290683
"Feb 16, 2022",Jacksonville,FL,"11441 San Jose Blvd., Jacksonville, Florida",Unionized,Starbucks Corporation,"Workers United, Southern Regional Joint Board","May 10, 2022",Initial,10.0,7.0,25,12-RC-290746
"Feb 16, 2022",Massapequa,NY,"4301 Merrick Road, Massapequa, NY",Unionized,Starbucks Corporation,"New York New Jersey Regional Joint Board Workers United, affiliated with SEIU","May 03, 2022",Initial,19.0,8.0,36,29-RC-290794
"Feb 16, 2022",Roseville,CA,,Withdrawn,Starbucks Corporation,,,Initial,,,15,20-RC-290698
"Feb 15, 2022",Richmond,VA,"3555 West Cary Street, Richmond, Virginia",Unionized,Starbucks Corporation,Workers United,"Jun 30, 2022",Initial,6.0,0.0,17,05-RC-290586
"Feb 15, 2022",Raleigh,NC,"2901 Sherman Oak Place, Raleigh, North Carolina",Withdrawn,Starbucks Corporation,"Workers United, Southern Regional Joint Board","May 03, 2022",Initial,5.0,7.0,12,10-RC-290674
"Feb 14, 2022",Richmond,VA,"1017 North Arthur Ashe Boulevard, Richmond, Virginia",Unionized,Starbucks Corporation,"Mid-Atlantic Regional Joint Board, Workers United a/w Service Employees International Union","Jun 30, 2022",Initial,8.0,7.0,20,05-RC-290507
"Feb 14, 2022",Roanoke,VA,"8 Old Whitmore Ave., Roanoke, Virginia",Unionized,Starbucks Corporation,"Mid Atlantic Regional Joint Board, Workers United","Jun 27, 2022",Initial,14.0,0.0,23,10-RC-290521
"Feb 14, 2022",St. Paul,MN,"300 Snelling Ave S Suite C, St. Paul, Minnesota",Unionized,Starbucks Corporation,"Chicago and Midwest Regional Joint Board, Workers United/SEIU","Apr 27, 2022",Initial,14.0,1.0,20,18-RC-290585
"Feb 14, 2022",Oak Creek,WI,"8880 South Howell Avenue, Oak Creek, Wisconsin",Unionized,Starbucks Corporation,"Chicago and Midwest Regional Joint Board, Workers United affiliated with Service Employees International Union","Apr 27, 2022",Initial,15.0,8.0,31,18-RC-290576
"Feb 14, 2022",Peoria,IL,"1200 West Main Street Peoria, IL",Unionized,Starbucks Corporation,"Chicago & Midwest Regional Joint Board, an Affiliate of Workers United SEIU","Apr 26, 2022",Initial,9.0,2.0,18,25-RC-290625
"Feb 14, 2022",Cary,IL,"620 Northwest Highway, Cary, IL",Unionized,Starbucks Corporation,"Chicago & Midwest Regional Joint Board, Workers United/SEIU","Apr 26, 2022",Initial,17.0,4.0,27,25-RC-290609
"Feb 14, 2022",Seattle,WA,"1124 Pike Street, Seattle, Washington",Unionized,Siren Retail Corp. d/b/a Starbucks,"Chicago and Midwest Regional Joint Board, Workers United/SEIU","Apr 21, 2022",Initial,38.0,27.0,104,19-RC-290608
"Feb 14, 2022",Richmond,VA,"2059 Huguenot Road, North Chesterfield, Virginia",Unionized,Starbucks Corporation,Workers United,"Apr 19, 2022",Initial,11.0,2.0,28,05-RC-290510
"Feb 14, 2022",Midlothian,VA,"15605 WC Commons Way, Midlothian, Virginia",Unionized,Starbucks Corporation,Workers United,"Apr 19, 2022",Initial,13.0,8.0,31,05-RC-290518
"Feb 11, 2022",Mililani,HI,"95-221 Kipapa Dr., Mililani, HI",Voted Failed,Starbucks Corporation,"Chicago & Midwest Regional Joint Board, Workers United/SEIU","May 02, 2022",Initial,7.0,8.0,17,20-RC-290481
"Feb 11, 2022",Pittsburgh,PA,"4765 Liberty Avenue, Pittsburgh, Pennsylvania",Unionized,Starbucks Corporation,WORKERS UNITED SOUTHWEST REGIONAL JOINT BOARD,"Apr 13, 2022",Initial,20.0,0.0,22,06-RC-290464
"Feb 10, 2022",Brooklyn,NY,"8973 Bay Parkway, Brooklyn, NY",Unionized,Starbucks Corporation,Workers United,"May 03, 2022",Initial,17.0,0.0,20,29-RC-290386
"Feb 10, 2022",Great Neck,NY,"6 Great Neck Road, Great Neck, NY",Open,Starbucks Corporation,"New York-New Jersey Regional Joint Board, Workers United, affiliated with SEIU","May 03, 2022",Initial,5.0,6.0,15,29-RC-290364
"Feb 10, 2022",New York,NY,"13-25 Astor Place, New York",Unionized,Starbucks Corporation,"New York New Jersey Regional Joint Board, Workers United","Apr 29, 2022",Initial,11.0,2.0,30,02-RC-290378
"Feb 10, 2022",New York,NY,,Withdrawn,Starbucks Manufacturing Corporation,,,Initial,,,10,02-RC-290360
"Feb 09, 2022",New York,NY,,Unionized,Siren Retail Corporation d/b/a Starbucks,Workers United,"Apr 01, 2022",Initial,46.0,36.0,86,02-RC-290354
"Feb 08, 2022",San Antonio,TX,"2639 NW Loop 410, Suite 106, San Antonio, Texas",Unionized,STARBUCKS CORPORATION,WORKERS UNITED SOUTHWEST REGIONAL JOINT BOARD,"Jun 14, 2022",Initial,10.0,6.0,28,16-RC-290302
"Feb 08, 2022",Lansing,MI,"2624 Lake Lansing Road, Lansing, Michigan",Unionized,Starbucks Corporation,Workers United,"Jun 09, 2022",Initial,13.0,3.0,37,07-RC-290290
"Feb 08, 2022",Ann Arbor,MI,"300 S. Main Street, Ann Arbor, Michigan",Unionized,Starbucks Corporation,Workers United,"Jun 07, 2022",Initial,10.0,3.0,19,07-RC-290295
"Feb 08, 2022",Ann Arbor,MI,"120 S. Zeeb Road, Ann Arbor, Michigan",Unionized,Starbucks Corporation,"Chicago and Midwest Regional Joint Board, Workers United, affiliated with SEIU","Jun 07, 2022",Initial,10.0,2.0,29,07-RC-290303
"Feb 08, 2022",Ann Arbor,MI,"222 South State Street, Ann Arbor, Michigan",Unionized,Starbucks Corporation,Workers United,"Jun 07, 2022",Initial,15.0,1.0,33,07-RC-290304
"Feb 08, 2022",Ann Arbor,MI,"1214 S. University Avenue, Ann Arbor, Michigan",Voted Failed,Starbucks Corporation,Workers United,"Jun 07, 2022",Initial,10.0,16.0,33,07-RC-290313
"Feb 07, 2022",Atlanta,GA,,Withdrawn,Starbucks Corporation,,,Initial,,,27,10-RC-290176
"Feb 04, 2022",Philadelphia,PA,"1900 Market St., Philadelphia, PA",Unionized,Starbucks Corporation,Workers United,"May 25, 2022",Initial,11.0,0.0,18,04-RC-290056
"Feb 04, 2022",Philadelphia,PA,"3401 Walnut St., Philadelphia, PA",Unionized,Starbucks Corporation,Workers United,"May 25, 2022",Initial,10.0,0.0,24,04-RC-290064
"Feb 04, 2022",Eugene,OR,"3003 North Delta Highway, Suite 301, Eugene, Oregon",Unionized,Starbucks Corporation,"Chicago and Midwest Regional Joint Board, Workers United/SEIU","Apr 28, 2022",Initial,10.0,1.0,25,19-RC-290060
"Feb 04, 2022",Eugene,OR,"1395 University Street, Eugene, Oregon",Unionized,Starbucks Corporation,"Chicago and Midwest Regional Joint Board, Workers United/SEIU","Apr 28, 2022",Initial,19.0,0.0,28,19-RC-290145
"Feb 02, 2022",Chatsworth,CA,"9857 Mason Avenue, Chatsworth, California",Voted Failed,Starbucks Corporation,Workers United,"Jun 29, 2022",Initial,6.0,9.0,31,31-RC-289988
"Feb 02, 2022",Kansas City,MO,"302 Nichols Road, Kansas",Withdrawn,Starbucks Corporation,"Chicago & Midwest Regional Joint Board, Workers United/SEIU","Jun 09, 2022",Initial,9.0,9.0,35,14-RC-289930
"Feb 02, 2022",Overland Park,KS,"10201 W. 75th St., Overland Park, KS",Open,Starbucks Corporation,Chicago & Midwest Regional Joint Board - Workers United/SEIU,"May 27, 2022",Revised,6.0,1.0,20,14-RC-289926
"Feb 01, 2022",Portland,OR,"7315 SW Garden Home Road, Portland, Oregon",Unionized,Starbucks Corporation,"Chicago and Midwest Regional Joint Board, Workers United/SEIU","Jun 02, 2022",Initial,12.0,1.0,19,19-RC-289854
"Feb 01, 2022",Santa Cruz,CA,"745 Ocean Street, Santa Cruz, CA",Unionized,Starbucks Corporation,Workers United,"May 11, 2022",Initial,13.0,1.0,28,32-RC-289855
"Feb 01, 2022",Santa Cruz,CA,"1909 Mission Street, Santa Cruz, CA",Unionized,Starbucks Corporation,Workers United,"May 11, 2022",Initial,15.0,2.0,32,32-RC-289828
"Feb 01, 2022",Ithaca,NY,"130 East Seneca Street, Ithaca, New York",Unionized,Starbucks Corporation,"Rochester Regional Joint Board, Workers United","Apr 08, 2022",Initial,15.0,1.0,25,03-RC-289805
"Feb 01, 2022",Ithaca,NY,"402 College Avenue, Suite 402, Ithaca, New York",Unionized,Starbucks Corporation,"Rochester Regional Joint Board, Workers United","Apr 08, 2022",Initial,19.0,1.0,27,03-RC-289793
"Feb 01, 2022",Ithaca,NY,"722 South Meadow Street, Ithaca, New York",Unionized,Starbucks Corporation,"Rochester Regional Joint Board, Workers United","Apr 08, 2022",Initial,13.0,1.0,27,03-RC-289796
"Feb 01, 2022",Rochester,NY,"1394 Mount Hope Avenue, Rochester, New York",Unionized,Starbucks Corporation,"Rochester Regional Joint Board, Workers United","Apr 07, 2022",Initial,13.0,11.0,41,03-RC-289801
"Feb 01, 2022",Buffalo,NY,,Unionized,Starbucks Corporation,"Rochester Regional Joint Board, Workers United","Apr 07, 2022",Initial,18.0,1.0,27,03-RC-289785
"Feb 01, 2022",Rochester,NY,"2750 Monroe Avenue, Rochester, New York",Unionized,Starbucks Corporation,"Rochester Regional Joint Board, Workers United","Apr 07, 2022",Initial,10.0,3.0,30,03-RC-289802
"Jan 31, 2022",Clinton Township,MI,"17410 Hall Road, #174, Clinton Township, Michigan",Unionized,Starbucks Corporation,Workers United,"Jun 09, 2022",Initial,8.0,3.0,15,07-RC-289840
"Jan 31, 2022",Grand Blanc,MI,"11355 S. Saginaw Street, Grand Blanc, Michigan",Voted Failed,Starbucks Corporation,"Chicago and Midwest Regional Joint Board, Workers United, affiliated with SEIU","Jun 09, 2022",Initial,8.0,13.0,26,07-RC-289860
"Jan 31, 2022",Ann Arbor,MI,"4585 Washtenaw Avenue, Ann Arbor, Michigan",Unionized,Starbucks Corporation,Workers United,"Jun 07, 2022",Initial,14.0,0.0,30,07-RC-289821
"Jan 31, 2022",Beaverton,OR,"2933 SW Cedar Hills Boulevard, Beaverton, Oregon",Unionized,Starbucks Corporation,"Mid Atlantic Regional Joint Board, Workers United","Jun 02, 2022",Initial,10.0,2.0,25,19-RC-289812
"Jan 31, 2022",Beaverton,OR,"16175 SW Walker Road, Beaverton, Oregon",Unionized,Starbucks Corporation,"Chicago and Midwest Regional Joint Board, Workers United/SEIU","Jun 02, 2022",Initial,12.0,5.0,26,19-RC-289814
"Jan 31, 2022",Everett,WA,"3625 Broadway, Everett, Washington",Unionized,Starbucks Corporation,"Chicago and Midwest Regional Joint Board, Workers United/SEIU","Jun 01, 2022",Initial,13.0,1.0,29,19-RC-289827
"Jan 31, 2022",Eugene,OR,"65 Oakwood Center, Eugene, Oregon",Voted Failed,Starbucks Corporation,"Chicago and Midwest Regional Joint Board, Workers United/SEIU","Apr 28, 2022",Initial,4.0,7.0,17,19-RC-289817
"Jan 31, 2022",Eugene,OR,"495 West 7th Avenue, Eugene, Oregon",Unionized,Starbucks Corporation,"Chicago and Midwest Regional Joint Board, Workers United/SEIU","Apr 28, 2022",Initial,12.0,1.0,19,19-RC-289815
"Jan 31, 2022",Eugene,OR,"1895 Franklin Boulevard, Eugene, Oregon",Unionized,Starbucks Corporation,"Chicago and Midwest Regional Joint Board, Workers United/SEIU","Apr 28, 2022",Initial,17.0,0.0,27,19-RC-289816
"Jan 31, 2022",Ann Arbor,MI,,Withdrawn,Starbucks Corporation,,,Initial,,,24,07-RC-289850
"Jan 28, 2022",Philadelphia,PA,"600 S. 9th St, Philadelphia, PA",Unionized,Starbucks Corporation,Workers United,"May 25, 2022",Initial,7.0,2.0,17,04-RC-289746
"Jan 28, 2022",Philadelphia,PA,"1945 Callowhill St., Philadelphia, PA",Voted Failed,Starbucks Corporation,Workers United,"May 25, 2022",Initial,4.0,10.0,19,04-RC-289708
"Jan 27, 2022",Atlanta,GA,"1801 Howell Mill Road NW, Atlanta, Georgia",Unionized,Starbucks Corporation,"Workers United, Southern Regional Joint Board","Jun 06, 2022",Initial,10.0,1.0,26,10-RC-289571
"Jan 27, 2022",Denver,CO,"2975 E Colfax Ave., Denver, CO",Unionized,Starbucks Corporation,"Chicago and Midwest Regional Joint Board, Workers United/SEIU","May 10, 2022",Initial,13.0,0.0,23,27-RC-289608
"Jan 25, 2022",Seattle,WA,"1200 Westlake Avenue North, Seattle, Washington",Voted Failed,Starbucks Corporation,WORKERS UNITED,"Oct 17, 2022",Initial,3.0,4.0,17,19-RC-289455
"Jan 25, 2022",Seattle,WA,"425 Pike Street, Seattle, Washington",Unionized,Starbucks Corporation,"Chicago and Midwest Regional Joint Board, Workers United/SEIU","Jun 06, 2022",Initial,12.0,0.0,15,19-RC-289458
"Jan 21, 2022",Boston,MA,"364 Brookline Avenue, Boston, MA",Unionized,Starbucks Corporation,"Mid Atlantic Regional Joint Board, Workers United","May 03, 2022",Initial,5.0,0.0,15,01-RC-289350
"Jan 21, 2022",Watertown,MA,"75 Mt. Auburn Street, Watertown, MA",Unionized,Starbucks Corporation,WORKERS UNITED,"May 03, 2022",Initial,10.0,1.0,27,01-RC-289330
"Jan 21, 2022",Santa Cruz,CA,,Withdrawn,Starbucks Corporation,,,Initial,,,31,32-RC-289274
"Jan 20, 2022",Baltimore,MD,"1209 North Charles Street, Baltimore, Maryland",Unionized,Starbucks Corporation,"Mid-Atlantic Regional Joint Board, Workers United a/w Service Employees International Union","Apr 25, 2022",Initial,14.0,0.0,22,05-RC-289214
"Jan 20, 2022",Richmond,VA,"6980 Forest Hill Avenue, Richmond, Virginia",Unionized,Starbucks Corporation,"Mid-Atlantic Regional Joint Board, Workers United a/w Service Employees International Union","Apr 19, 2022",Initial,17.0,1.0,23,05-RC-289213
"Jan 20, 2022",Richmond,VA,,Unionized,Starbucks Corporation,"Mid-Atlantic Regional Joint Board, Workers United a/w Service Employees International Union","Apr 19, 2022",Initial,22.0,3.0,29,05-RC-289221
"Jan 19, 2022",Memphis,TN,"3388 Poplar Ave., Memphis, Tennessee",Unionized,Starbucks Corporation,"Mid Atlantic Regional Joint Board, Workers United","Jun 07, 2022",Initial,11.0,3.0,24,15-RC-289150
"Jan 18, 2022",Boston,MA,"217 Western Avenue, Boston, MA",Unionized,Starbucks Corporation,"Chicago and Midwest Regional Joint Board, Workers United/SEIU","May 03, 2022",Initial,7.0,0.0,14,01-RC-289055
"Jan 18, 2022",Brighton,MA,"1948 Beacon Street, Brighton, MA",Unionized,Starbucks Corporation,"Chicago and Midwest Regional Joint Board, Workers United/SEIU","May 03, 2022",Initial,8.0,2.0,22,01-RC-289077
"Jan 18, 2022",Mesa,AZ,"1222 S. Crismon Road, Mesa, Arizona",Unionized,Starbucks Corporation,WORKERS UNITED,"Mar 25, 2022",Initial,11.0,3.0,28,28-RC-289033
"Jan 14, 2022",Chicago,IL,"1174 E 55th St, Chicago, Illinois",Unionized,Starbucks Corporation,"Chicago and Midwest Regional Joint Board, Workers United/SEIU","Jun 07, 2022",Initial,5.0,3.0,13,13-RC-288994
"Jan 14, 2022",La Grange,IL,"38 S. LaGrange Rd., LaGrange, Illinois",Voted Failed,Starbucks Corporation,Chicago & Midwest Regional Joint Board,"May 06, 2022",Initial,6.0,9.0,18,13-RC-288995
"Jan 11, 2022",Tallahassee,FL,"2264-1 N. Monroe Street, Tallahassee, Florida",Unionized,Starbucks Corporation,Chicago & Midwest Regional Joint Board - Workers United/SEIU,"May 03, 2022",Initial,16.0,1.0,35,12-RC-288866
"Jan 11, 2022",Hopewell (Township),NJ,"800 Denow Road, Pennington, New Jersey",Unionized,Starbucks Corporation,WORKERS UNITED,"Apr 25, 2022",Initial,15.0,0.0,26,22-RC-288780
"Jan 10, 2022",Chicago,IL,2543 N. California,Voted Failed,Starbucks Corporation,"Chicago and Midwest Regional Joint Board, Workers United/SEIU","Jun 07, 2022",Initial,8.0,10.0,22,13-RC-288667
"Jan 10, 2022",Cleveland,OH,"1374 West 6th Street, Cleveland Ohio",Unionized,Starbucks Corporation,"Chicago and Midwest Regional Joint Board, Workers United/SEIU","May 24, 2022",Initial,10.0,0.0,22,08-RC-288697
"Jan 07, 2022",Eugene,OR,"2830 Willamette St., Eugene, Oregon",Unionized,Starbucks Corporation,"Chicago and Midwest Regional Joint Board, Workers United/SEIU","Apr 13, 2022",Initial,17.0,0.0,28,19-RC-288594
"Jan 03, 2022",Chicago,IL,"155 N Wabash, Chicago, Illinois",Voted Failed,Starbucks Corporation,"Chicago and Midwest Regional Joint Board, Workers United/SEIU","Jun 07, 2022",Initial,6.0,7.0,14,13-RC-288328
"Dec 30, 2021",Louisville,CO,"2800 Rock Creek Circle, A1, Superior, Colorado",Unionized,Starbucks Corporation,"Chicago & Midwest Regional Joint Board, an Affiliate of Workers United SEIU","Apr 22, 2022",Initial,12.0,2.0,30,27-RC-288318
"Dec 27, 2021",Knoxville,TN,"115 Merchant Drive, Knoxville, Tennessee",Unionized,Starbucks Corporation,Chicago & Midwest Regional Joint Board - Workers United/SEIU,"Apr 05, 2022",Initial,8.0,7.0,27,10-RC-288098
"Dec 20, 2021",Seattle,WA,"101 Broadway E, Seattle, WA",Unionized,Starbucks Corporation,"Chicago and Midwest Regional Joint Board, Workers United/SEIU","Mar 22, 2022",Initial,9.0,0.0,13,19-RC-287954
"Dec 13, 2021",Brookline,MA,"277 Harvard St., Brookline, MA",Unionized,Starbucks Corporation,Chicago & Midwest Regional Joint Board - Workers United/SEIU,"Apr 11, 2022",Initial,14.0,0.0,21,01-RC-287639
"Dec 13, 2021",Allston,MA,"1304 Commonwealth Ave., Allston, MA",Unionized,Starbucks Corporation,WORKERS UNITED,"Apr 11, 2022",Initial,11.0,0.0,29,01-RC-287618
"Nov 18, 2021",Mesa,AZ,"6807 E. Baseline Road, #102, Suite 100, Mesa, Arizona",Unionized,Starbucks Corporation,Chicago & Midwest Regional Joint Board - Workers United/SEIU,"Feb 25, 2022",Initial,25.0,3.0,43,28-RC-286556
"Nov 10, 2021",Depew,NY,"4770 Transit Road, Depew, New York",Unionized,Starbucks Corporation,"Rochester Regional Joint Board, Workers United","Mar 09, 2022",Initial,15.0,12.0,37,03-RC-285989
"Nov 10, 2021",Amherst,NY,"3186 Sheridan Drive, Amherst, NY",Unionized,Starbucks Corporation,"Rochester Regional Joint Board, Workers United","Mar 09, 2022",Initial,15.0,12.0,44,03-RC-285986
"Nov 09, 2021",Cheektowaga,NY,"1775 Walden Avenue, Cheektowaga, NY",Voted Failed,Starbucks Corporation,"Rochester Regional Joint Board, Workers United","Aug 15, 2022",Revised,8.0,9.0,30,03-RC-285929
"Sep 09, 2021",East Amherst,NY,,Withdrawn,Starbucks Corporation,,,Initial,,,24,03-RC-282640
"Sep 09, 2021",Cheektowaga,NY,,Withdrawn,Starbucks Corporation,,,Initial,,,24,03-RC-282641
"Aug 30, 2021",Hamburg (Town),NY,,Unionized,Starbucks Corporation,"Rochester Regional Joint Board, Workers United","Jan 10, 2022",Revised,15.0,9.0,46,03-RC-282139
"Aug 30, 2021",Buffalo,NY,,Unionized,Starbucks Corporation,"Rochester Regional Joint Board, Workers United","Dec 09, 2021",Initial,19.0,8.0,36,03-RC-282115
"Aug 30, 2021",Hamburg,NY,,Open,Starbucks Corporation,Workers United Upstate,"Dec 09, 2021",Initial,8.0,12.0,29,03-RC-282127
